VO17205750;https://volvogroupshop.ru/parts/section/281480/part/564622/?case=detail&part_number=VO17205750
VO11145992;https://volvogroupshop.ru/parts/section/347298/part/568308/?case=detail&part_number=VO11145992
RT7420842445;https://volvogroupshop.ru/parts/part/690955/?part_number=RT7420842445
VO969033;https://volvogroupshop.ru/parts/section/343057/part/353097/?case=detail&part_number=VO969033
VO3173772;https://volvogroupshop.ru/parts/section/341498/part/618382/?case=detail&part_number=VO3173772
VO1543360;https://volvogroupshop.ru/parts/part/741424/?part_number=VO1543360
RT5010552108;https://volvogroupshop.ru/parts/part/672851/?part_number=RT5010552108
VO1544449;https://volvogroupshop.ru/parts/part/566919/?part_number=VO1544449
VO21429787;https://volvogroupshop.ru/parts/section/330618/part/489764/?case=detail&part_number=VO21429787
RT7485013136;https://volvogroupshop.ru/parts/part/716264/?part_number=RT7485013136
RT5001853713;https://volvogroupshop.ru/parts/part/651007/?part_number=RT5001853713
RT5001865724;https://volvogroupshop.ru/parts/part/597145/?part_number=RT5001865724
VO8189389;https://volvogroupshop.ru/parts/section/347389/part/368789/?case=detail&part_number=VO8189389
VO84151824;https://volvogroupshop.ru/parts/section/285210/part/361387/?case=detail&part_number=VO84151824
RT5010095040;https://volvogroupshop.ru/parts/part/661222/?part_number=RT5010095040
VO85123077;https://volvogroupshop.ru/parts/section/331618/part/356791/?case=detail&part_number=VO85123077
RT5001852996;https://volvogroupshop.ru/parts/part/650878/?part_number=RT5001852996
VO21067551;https://volvogroupshop.ru/parts/section/828800/part/511807/?case=detail&part_number=VO21067551
VO21302566;https://volvogroupshop.ru/parts/section/346530/part/628076/?case=detail&part_number=VO21302566
RT5010514134;https://volvogroupshop.ru/parts/part/671020/?part_number=RT5010514134
RT7420953255;https://volvogroupshop.ru/parts/part/693018/?part_number=RT7420953255
VO25332840;https://volvogroupshop.ru/parts/section/342369/part/619565/?case=detail&part_number=VO25332840
VO21115501;https://volvogroupshop.ru/parts/section/322377/part/508343/?case=detail&part_number=VO21115501
VO21429790;https://volvogroupshop.ru/parts/section/193520/part/489763/?case=detail&part_number=VO21429790
VO3173821;https://volvogroupshop.ru/parts/part/766056/?part_number=VO3173821
VO21184142;https://volvogroupshop.ru/parts/section/348585/part/504289/?case=detail&part_number=VO21184142
RT7485003252;https://volvogroupshop.ru/parts/part/716132/?part_number=RT7485003252
RT5010412626;https://volvogroupshop.ru/parts/part/668343/?part_number=RT5010412626
VO21321302;https://volvogroupshop.ru/parts/section/284749/part/496773/?case=detail&part_number=VO21321302
RT7401069997;https://volvogroupshop.ru/parts/section/347077/part/614593/?case=detail&part_number=RT7401069997
VO82056091;https://volvogroupshop.ru/parts/section/326129/part/368547/?case=detail&part_number=VO82056091
VO21170510;https://volvogroupshop.ru/parts/section/288636/part/505060/?case=detail&part_number=VO21170510
VO8148327;https://volvogroupshop.ru/parts/part/778743/?part_number=VO8148327
RT5200523366;https://volvogroupshop.ru/parts/part/685988/?part_number=RT5200523366
VO21094520;https://volvogroupshop.ru/parts/section/324240/part/509606/?case=detail&part_number=VO21094520
VO15041156;https://volvogroupshop.ru/parts/section/320168/part/567664/?case=detail&part_number=VO15041156
VO3090074;https://volvogroupshop.ru/parts/part/761258/?part_number=VO3090074
VO20915700;https://volvogroupshop.ru/parts/section/330710/part/521782/?case=detail&part_number=VO20915700
VO959249;https://volvogroupshop.ru/parts/section/333013/part/616576/?case=detail&part_number=VO959249
VO21018092;https://volvogroupshop.ru/parts/section/175283/part/629342/?case=detail&part_number=VO21018092
VO3092047;https://volvogroupshop.ru/parts/section/176473/part/618504/?case=detail&part_number=VO3092047
VO990135;https://volvogroupshop.ru/parts/section/185188/part/615874/?case=detail&part_number=VO990135
VO1665563;https://volvogroupshop.ru/parts/part/745461/?part_number=VO1665563
VO85003357;https://volvogroupshop.ru/parts/part/782398/?part_number=VO85003357
VO21298273;https://volvogroupshop.ru/parts/section/326130/part/498111/?case=detail&part_number=VO21298273
VO82322924;https://volvogroupshop.ru/parts/section/326132/part/366750/?case=detail&part_number=VO82322924
RT7421655327;https://volvogroupshop.ru/parts/?case=detail&part_number=RT7421655327
VO84162404;https://volvogroupshop.ru/parts/section/285457/part/361322/?case=detail&part_number=VO84162404
RT7421532258;https://volvogroupshop.ru/parts/section/335068/part/604997/?case=detail&part_number=RT7421532258
VO984819;https://volvogroupshop.ru/parts/section/349009/part/615989/?case=detail&part_number=VO984819
VO82365212;https://volvogroupshop.ru/parts/section/340510/part/617732/?case=detail&part_number=VO82365212
VO3171585;https://volvogroupshop.ru/parts/section/340698/part/618390/?case=detail&part_number=VO3171585
VO20430678;https://volvogroupshop.ru/parts/section/343092/part/634138/?case=detail&part_number=VO20430678
VO21973860;https://volvogroupshop.ru/parts/part/757075/?part_number=VO21973860
RT7482374543;https://volvogroupshop.ru/parts/part/715083/?part_number=RT7482374543
RT5010284188;https://volvogroupshop.ru/parts/part/665361/?part_number=RT5010284188
RT7420364891;https://volvogroupshop.ru/parts/section/343436/part/613445/?case=detail&part_number=RT7420364891
VO20896833;https://volvogroupshop.ru/parts/section/193026/part/523097/?case=detail&part_number=VO20896833
VO21429783;https://volvogroupshop.ru/parts/part/489767/?part_number=VO21429783
VO21429786;https://volvogroupshop.ru/parts/section/347041/part/489765/?case=detail&part_number=VO21429786
VO85000773;https://volvogroupshop.ru/parts/section/348319/part/359087/?case=detail&part_number=VO85000773
VO982207;https://volvogroupshop.ru/parts/section/345146/part/351916/?case=detail&part_number=VO982207
VO21285314;https://volvogroupshop.ru/parts/section/269797/part/498843/?case=detail&part_number=VO21285314
VO949211;https://volvogroupshop.ru/parts/section/346861/part/354689/?case=detail&part_number=VO949211
VO5003464;https://volvogroupshop.ru/parts/part/771404/?part_number=VO5003464
RT7421307430;https://volvogroupshop.ru/parts/?case=detail&part_number=RT7421307430
RT5010294415;https://volvogroupshop.ru/parts/part/665701/?part_number=RT5010294415
RT7421566080;https://volvogroupshop.ru/parts/part/605254/?part_number=RT7421566080
RT7482492415;https://volvogroupshop.ru/parts/?case=detail&part_number=RT7482492415
VO21723309;https://volvogroupshop.ru/parts/part/756419/?part_number=VO21723309
VO20543103;https://volvogroupshop.ru/parts/section/347805/part/547407/?case=detail&part_number=VO20543103
VO11038099;https://volvogroupshop.ru/parts/section/175932/part/568471/?case=detail&part_number=VO11038099
VO1656370;https://volvogroupshop.ru/parts/section/319935/part/565660/?case=detail&part_number=VO1656370
VO21302576;https://volvogroupshop.ru/parts/section/346532/part/628074/?case=detail&part_number=VO21302576
RT5010431674;https://volvogroupshop.ru/parts/part/668807/?part_number=RT5010431674
VO21306439;https://volvogroupshop.ru/parts/section/340948/part/497680/?case=detail&part_number=VO21306439
RT5010514630;https://volvogroupshop.ru/parts/part/671076/?part_number=RT5010514630
VO21716424;https://volvogroupshop.ru/parts/section/292807/part/467698/?case=detail&part_number=VO21716424
VO3979505;https://volvogroupshop.ru/parts/section/176422/part/378185/?case=detail&part_number=VO3979505
VO8113624;https://volvogroupshop.ru/parts/part/776924/?part_number=VO8113624
RT5010450519;https://volvogroupshop.ru/parts/part/669367/?part_number=RT5010450519
VO20553740;https://volvogroupshop.ru/parts/section/347327/part/546136/?case=detail&part_number=VO20553740
VO82289824;https://volvogroupshop.ru/parts/section/276581/part/366990/?case=detail&part_number=VO82289824
RT7420745591;https://volvogroupshop.ru/parts/part/689991/?part_number=RT7420745591
VO22477207;https://volvogroupshop.ru/parts/section/284567/part/621103/?case=detail&part_number=VO22477207
VO85000740;https://volvogroupshop.ru/parts/part/781513/?part_number=VO85000740
VO85003267;https://volvogroupshop.ru/parts/part/782377/?part_number=VO85003267
VO17210356;https://volvogroupshop.ru/parts/section/281483/part/564621/?case=detail&part_number=VO17210356
VO20429730;https://volvogroupshop.ru/parts/section/345274/part/560535/?case=detail&part_number=VO20429730
VO20382305;https://volvogroupshop.ru/parts/section/346596/part/562865/?case=detail&part_number=VO20382305
VO21122037;https://volvogroupshop.ru/parts/section/346779/part/507912/?case=detail&part_number=VO21122037
RT5010525326;https://volvogroupshop.ru/parts/part/671757/?part_number=RT5010525326
RT5010467640;https://volvogroupshop.ru/parts/part/669923/?part_number=RT5010467640
RT5001868169;https://volvogroupshop.ru/parts/part/654637/?part_number=RT5001868169
RT5001866363;https://volvogroupshop.ru/parts/part/653982/?part_number=RT5001866363
VO20411816;https://volvogroupshop.ru/parts/section/331268/part/561584/?case=detail&part_number=VO20411816
VO21257552;https://volvogroupshop.ru/parts/section/303684/part/500507/?case=detail&part_number=VO21257552
RT5001844054;https://volvogroupshop.ru/parts/part/649467/?part_number=RT5001844054
VO20531550;https://volvogroupshop.ru/parts/section/321134/part/548804/?case=detail&part_number=VO20531550
VO20428256;https://volvogroupshop.ru/parts/section/343310/part/560676/?case=detail&part_number=VO20428256
VO8172924;https://volvogroupshop.ru/parts/section/324156/part/617917/?case=detail&part_number=VO8172924
RT5010439058;https://volvogroupshop.ru/parts/part/669034/?part_number=RT5010439058
VO20839459;https://volvogroupshop.ru/parts/section/314380/part/630979/?case=detail&part_number=VO20839459
VO85113975;https://volvogroupshop.ru/parts/section/342870/part/617212/?case=detail&part_number=VO85113975
VO3092710;https://volvogroupshop.ru/parts/section/345111/part/381651/?case=detail&part_number=VO3092710
RT7421496277;https://volvogroupshop.ru/parts/section/288301/part/605457/?case=detail&part_number=RT7421496277
VO8172628;https://volvogroupshop.ru/parts/section/345700/part/617931/?case=detail&part_number=VO8172628
VO22312634;https://volvogroupshop.ru/parts/section/828540/part/621853/?case=detail&part_number=VO22312634
RT5010295301;https://volvogroupshop.ru/parts/part/665774/?part_number=RT5010295301
RT5010452013;https://volvogroupshop.ru/parts/part/669432/?part_number=RT5010452013
VO914170;https://volvogroupshop.ru/parts/section/349150/part/355421/?case=detail&part_number=VO914170
VO21693755;https://volvogroupshop.ru/parts/section/319235/part/469309/?case=detail&part_number=VO21693755
VO21542660;https://volvogroupshop.ru/parts/section/307707/part/481664/?case=detail&part_number=VO21542660
RT7421056611;https://volvogroupshop.ru/parts/part/694562/?part_number=RT7421056611
VO20795604;https://volvogroupshop.ru/parts/section/340485/part/530260/?case=detail&part_number=VO20795604
RT5010311026;https://volvogroupshop.ru/parts/part/666114/?part_number=RT5010311026
VO20428257;https://volvogroupshop.ru/parts/section/343310/part/560675/?case=detail&part_number=VO20428257
VO20701292;https://volvogroupshop.ru/parts/section/346279/part/632921/?case=detail&part_number=VO20701292
VO85000657;https://volvogroupshop.ru/parts/part/781457/?part_number=VO85000657
VO8112818;https://volvogroupshop.ru/parts/part/776594/?part_number=VO8112818
VO85003949;https://volvogroupshop.ru/parts/part/782449/?part_number=VO85003949
RT7420907634;https://volvogroupshop.ru/parts/section/174495/part/610294/?case=detail&part_number=RT7420907634
VO11990483;https://volvogroupshop.ru/parts/section/347069/part/567839/?case=detail&part_number=VO11990483
VO82292577;https://volvogroupshop.ru/parts/section/306618/part/366968/?case=detail&part_number=VO82292577
VO1161247;https://volvogroupshop.ru/parts/section/344330/part/635035/?case=detail&part_number=VO1161247
VO8150740;https://volvogroupshop.ru/parts/section/347385/part/618010/?case=detail&part_number=VO8150740
VO22387296;https://volvogroupshop.ru/parts/section/323423/part/621560/?case=detail&part_number=VO22387296
VO20491058;https://volvogroupshop.ru/parts/section/171009/part/553966/?case=detail&part_number=VO20491058
VO21825232;https://volvogroupshop.ru/parts/section/328359/part/624990/?case=detail&part_number=VO21825232
RT7421644598;https://volvogroupshop.ru/parts/part/699537/?part_number=RT7421644598
VO21593632;https://volvogroupshop.ru/parts/part/477485/?part_number=VO21593632
VO20732730;https://volvogroupshop.ru/parts/section/338188/part/536813/?case=detail&part_number=VO20732730
VO1660619;https://volvogroupshop.ru/parts/part/745019/?part_number=VO1660619
VO1660600;https://volvogroupshop.ru/parts/part/745015/?part_number=VO1660600
VO85000148;https://volvogroupshop.ru/parts/part/781190/?part_number=VO85000148
VO993124;https://volvogroupshop.ru/parts/section/349226/part/615560/?case=detail&part_number=VO993124
VO21116214;https://volvogroupshop.ru/parts/section/329536/part/628721/?case=detail&part_number=VO21116214
VO21838161;https://volvogroupshop.ru/parts/section/287527/part/459050/?case=detail&part_number=VO21838161
VO20567635;https://volvogroupshop.ru/parts/section/344895/part/544238/?case=detail&part_number=VO20567635
VO21321094;https://volvogroupshop.ru/parts/section/345465/part/496785/?case=detail&part_number=VO21321094
RT5010284190;https://volvogroupshop.ru/parts/part/665362/?part_number=RT5010284190
RT5010514344;https://volvogroupshop.ru/parts/part/671056/?part_number=RT5010514344
VO1080918;https://volvogroupshop.ru/parts/part/738440/?part_number=VO1080918
VO85000508;https://volvogroupshop.ru/parts/part/781354/?part_number=VO85000508
VO85013931;https://volvogroupshop.ru/parts/part/784222/?part_number=VO85013931
VO85013134;https://volvogroupshop.ru/parts/part/784025/?part_number=VO85013134
RT7482492298;https://volvogroupshop.ru/parts/part/589452/?part_number=RT7482492298
VO276807;https://volvogroupshop.ru/parts/section/348034/part/382390/?case=detail&part_number=VO276807
VO82056991;https://volvogroupshop.ru/parts/section/349225/part/368536/?case=detail&part_number=VO82056991
RT7421535734;https://volvogroupshop.ru/parts/part/698751/?part_number=RT7421535734
RT5001855385;https://volvogroupshop.ru/parts/part/651372/?part_number=RT5001855385
VO982617;https://volvogroupshop.ru/parts/section/344552/part/351860/?case=detail&part_number=VO982617
VO20726300;https://volvogroupshop.ru/parts/section/189881/part/632618/?case=detail&part_number=VO20726300
VO3198280;https://volvogroupshop.ru/parts/section/347126/part/618339/?case=detail&part_number=VO3198280
RT5010477243;https://volvogroupshop.ru/parts/part/670077/?part_number=RT5010477243
RT5010284657;https://volvogroupshop.ru/parts/part/665482/?part_number=RT5010284657
VO21211715;https://volvogroupshop.ru/parts/section/339570/part/628394/?case=detail&part_number=VO21211715
VO21565097;https://volvogroupshop.ru/parts/section/191342/part/626838/?case=detail&part_number=VO21565097
VO20997871;https://volvogroupshop.ru/parts/section/320119/part/516104/?case=detail&part_number=VO20997871
VO20517367;https://volvogroupshop.ru/parts/section/174578/part/550790/?case=detail&part_number=VO20517367
VO20360276;https://volvogroupshop.ru/parts/section/176048/part/563987/?case=detail&part_number=VO20360276
VO257866;https://volvogroupshop.ru/parts/section/171223/part/580981/?case=detail&part_number=VO257866
VO85137595;https://volvogroupshop.ru/parts/section/195751/part/356068/?case=detail&part_number=VO85137595
VO984852;https://volvogroupshop.ru/parts/section/344558/part/615970/?case=detail&part_number=VO984852
VO21918817;https://volvogroupshop.ru/parts/section/287339/part/624259/?case=detail&part_number=VO21918817
RT5010284177;https://volvogroupshop.ru/parts/part/665354/?part_number=RT5010284177
VO1665886;https://volvogroupshop.ru/parts/part/745483/?part_number=VO1665886
VO21727737;https://volvogroupshop.ru/parts/part/756427/?part_number=VO21727737
VO21001651;https://volvogroupshop.ru/parts/section/349250/part/515797/?case=detail&part_number=VO21001651
VO1665309;https://volvogroupshop.ru/parts/section/344490/part/634574/?case=detail&part_number=VO1665309
RT5001852973;https://volvogroupshop.ru/parts/part/650875/?part_number=RT5001852973
RT5010398073;https://volvogroupshop.ru/parts/part/668143/?part_number=RT5010398073
VO984410;https://volvogroupshop.ru/parts/section/336043/part/616055/?case=detail&part_number=VO984410
VO976038;https://volvogroupshop.ru/parts/part/352495/?part_number=VO976038
RT7421294062;https://volvogroupshop.ru/parts/section/334848/part/607206/?case=detail&part_number=RT7421294062
VO82209849;https://volvogroupshop.ru/parts/section/319159/part/367714/?case=detail&part_number=VO82209849
VO21483789;https://volvogroupshop.ru/parts/section/292277/part/627296/?case=detail&part_number=VO21483789
VO21169064;https://volvogroupshop.ru/parts/section/348800/part/628521/?case=detail&part_number=VO21169064
RT5010491397;https://volvogroupshop.ru/parts/part/670449/?part_number=RT5010491397
VO3171490;https://volvogroupshop.ru/parts/section/348669/part/380399/?case=detail&part_number=VO3171490
RT7482226449;https://volvogroupshop.ru/parts/part/714701/?part_number=RT7482226449
VO20523391;https://volvogroupshop.ru/parts/section/347038/part/549888/?case=detail&part_number=VO20523391
VO994796;https://volvogroupshop.ru/parts/section/349226/part/615265/?case=detail&part_number=VO994796
VO21190825;https://volvogroupshop.ru/parts/section/269797/part/503895/?case=detail&part_number=VO21190825
VO82380822;https://volvogroupshop.ru/parts/section/308071/part/366274/?case=detail&part_number=VO82380822
VO984726;https://volvogroupshop.ru/parts/section/347396/part/616039/?case=detail&part_number=VO984726
VO22477209;https://volvogroupshop.ru/parts/section/284567/part/621102/?case=detail&part_number=VO22477209
RT5010477331;https://volvogroupshop.ru/parts/part/670087/?part_number=RT5010477331
VO22195476;https://volvogroupshop.ru/parts/section/179772/part/622470/?case=detail&part_number=VO22195476
VO8112299;https://volvogroupshop.ru/parts/part/776444/?part_number=VO8112299
VO11418066;https://volvogroupshop.ru/parts/section/347298/part/568180/?case=detail&part_number=VO11418066
VO21870635;https://volvogroupshop.ru/parts/section/336568/part/457332/?case=detail&part_number=VO21870635
VO20788793;https://volvogroupshop.ru/parts/section/340955/part/530768/?case=detail&part_number=VO20788793
VO20493933;https://volvogroupshop.ru/parts/section/346947/part/553699/?case=detail&part_number=VO20493933
VO20535537;https://volvogroupshop.ru/parts/section/346947/part/548240/?case=detail&part_number=VO20535537
RT5010477145;https://volvogroupshop.ru/parts/part/670061/?part_number=RT5010477145
RT5001873650;https://volvogroupshop.ru/parts/part/656855/?part_number=RT5001873650
RT5000686589;https://volvogroupshop.ru/parts/part/642935/?part_number=RT5000686589
RT5010370634;https://volvogroupshop.ru/parts/part/667508/?part_number=RT5010370634
VO20797281;https://volvogroupshop.ru/parts/section/340939/part/530106/?case=detail&part_number=VO20797281
VO22167702;https://volvogroupshop.ru/parts/part/757460/?part_number=VO22167702
VO20587125;https://volvogroupshop.ru/parts/section/348387/part/541691/?case=detail&part_number=VO20587125
RT5001853710;https://volvogroupshop.ru/parts/part/651006/?part_number=RT5001853710
RT7485013423;https://volvogroupshop.ru/parts/part/716307/?part_number=RT7485013423
RT5001866924;https://volvogroupshop.ru/parts/part/654133/?part_number=RT5001866924
RT7420792454;https://volvogroupshop.ru/parts/section/174701/part/611381/?case=detail&part_number=RT7420792454
RT7420375549;https://volvogroupshop.ru/parts/section/344329/part/614271/?case=detail&part_number=RT7420375549
VO15046266;https://volvogroupshop.ru/parts/section/281475/part/567657/?case=detail&part_number=VO15046266
VO21569191;https://volvogroupshop.ru/parts/section/321818/part/626730/?case=detail&part_number=VO21569191
VO20383411;https://volvogroupshop.ru/parts/section/345294/part/562777/?case=detail&part_number=VO20383411
VO22042350;https://volvogroupshop.ru/parts/part/757226/?part_number=VO22042350
VO21138357;https://volvogroupshop.ru/parts/section/348062/part/506975/?case=detail&part_number=VO21138357
VO984855;https://volvogroupshop.ru/parts/section/348972/part/615967/?case=detail&part_number=VO984855
VO941938;https://volvogroupshop.ru/parts/section/347167/part/616787/?case=detail&part_number=VO941938
VO3172110;https://volvogroupshop.ru/parts/section/346849/part/380355/?case=detail&part_number=VO3172110
RT723879;https://volvogroupshop.ru/parts/part/687901/?part_number=RT723879
RT7421013911;https://volvogroupshop.ru/parts/part/693870/?part_number=RT7421013911
VO85000883;https://volvogroupshop.ru/parts/part/781573/?part_number=VO85000883
VO85000746;https://volvogroupshop.ru/parts/part/781518/?part_number=VO85000746
RT7485003228;https://volvogroupshop.ru/parts/part/716131/?part_number=RT7485003228
VO82074997;https://volvogroupshop.ru/parts/section/349225/part/368391/?case=detail&part_number=VO82074997
RT7420946836;https://volvogroupshop.ru/parts/part/608994/?part_number=RT7420946836
VO181335;https://volvogroupshop.ru/parts/part/747026/?part_number=VO181335
VO1672002;https://volvogroupshop.ru/parts/section/348317/part/565131/?case=detail&part_number=VO1672002
VO990237;https://volvogroupshop.ru/parts/section/347468/part/615851/?case=detail&part_number=VO990237
VO21303302;https://volvogroupshop.ru/parts/part/754906/?part_number=VO21303302
VO11418269;https://volvogroupshop.ru/parts/section/319935/part/568155/?case=detail&part_number=VO11418269
VO85106522;https://volvogroupshop.ru/parts/section/281480/part/358223/?case=detail&part_number=VO85106522
VO1547562;https://volvogroupshop.ru/parts/section/176508/part/566869/?case=detail&part_number=VO1547562
VO8191780;https://volvogroupshop.ru/parts/section/343543/part/368693/?case=detail&part_number=VO8191780
VO20442812;https://volvogroupshop.ru/parts/section/176151/part/559119/?case=detail&part_number=VO20442812
VO11094;https://volvogroupshop.ru/parts/section/175830/part/635042/?case=detail&part_number=VO11094
VO20399429;https://volvogroupshop.ru/parts/section/170554/part/582492/?case=detail&part_number=VO20399429
VO21664147;https://volvogroupshop.ru/parts/part/756182/?part_number=VO21664147
VO20707665;https://volvogroupshop.ru/parts/section/348530/part/540035/?case=detail&part_number=VO20707665
VO22218393;https://volvogroupshop.ru/parts/section/303686/part/436309/?case=detail&part_number=VO22218393
VO20888780;https://volvogroupshop.ru/parts/section/348443/part/523689/?case=detail&part_number=VO20888780
RT5001855384;https://volvogroupshop.ru/parts/part/651371/?part_number=RT5001855384
VO82252302;https://volvogroupshop.ru/parts/section/349225/part/367320/?case=detail&part_number=VO82252302
VO20456488;https://volvogroupshop.ru/parts/section/345146/part/557744/?case=detail&part_number=VO20456488
RT7485013830;https://volvogroupshop.ru/parts/section/190594/part/586733/?case=detail&part_number=RT7485013830
VO84162402;https://volvogroupshop.ru/parts/section/285209/part/361324/?case=detail&part_number=VO84162402
VO15067338;https://volvogroupshop.ru/parts/section/281480/part/567625/?case=detail&part_number=VO15067338
VO22286155;https://volvogroupshop.ru/parts/section/344895/part/431698/?case=detail&part_number=VO22286155
VO20706973;https://volvogroupshop.ru/parts/section/318333/part/540098/?case=detail&part_number=VO20706973
VO21093713;https://volvogroupshop.ru/parts/section/338420/part/628838/?case=detail&part_number=VO21093713
VO21094172;https://volvogroupshop.ru/parts/part/509693/?part_number=VO21094172
VO20405160;https://volvogroupshop.ru/parts/section/342807/part/561947/?case=detail&part_number=VO20405160
VO21810667;https://volvogroupshop.ru/parts/section/312097/part/625078/?case=detail&part_number=VO21810667
RT5010550714;https://volvogroupshop.ru/parts/part/672787/?part_number=RT5010550714
RT7421086059;https://volvogroupshop.ru/parts/part/695044/?part_number=RT7421086059
RT5010383038;https://volvogroupshop.ru/parts/part/667855/?part_number=RT5010383038
VO21024160;https://volvogroupshop.ru/parts/section/344603/part/629303/?case=detail&part_number=VO21024160
RT5200590535;https://volvogroupshop.ru/parts/part/686043/?part_number=RT5200590535
VO85003358;https://volvogroupshop.ru/parts/part/782399/?part_number=VO85003358
VO21041756;https://volvogroupshop.ru/parts/section/191969/part/513271/?case=detail&part_number=VO21041756
VO85013654;https://volvogroupshop.ru/parts/part/784138/?part_number=VO85013654
RT5001829129;https://volvogroupshop.ru/parts/part/647650/?part_number=RT5001829129
RT5010315852;https://volvogroupshop.ru/parts/part/666342/?part_number=RT5010315852
VO85105606;https://volvogroupshop.ru/parts/part/785641/?part_number=VO85105606
VO949659;https://volvogroupshop.ru/parts/section/348032/part/616662/?case=detail&part_number=VO949659
VO944457;https://volvogroupshop.ru/parts/section/348460/part/355035/?case=detail&part_number=VO944457
RT7421517690;https://volvogroupshop.ru/parts/section/341338/part/604808/?case=detail&part_number=RT7421517690
VO21593944;https://volvogroupshop.ru/parts/section/348354/part/477471/?case=detail&part_number=VO21593944
VO20584639;https://volvogroupshop.ru/parts/section/347920/part/633166/?case=detail&part_number=VO20584639
VO20916609;https://volvogroupshop.ru/parts/section/338420/part/630361/?case=detail&part_number=VO20916609
VO21169135;https://volvogroupshop.ru/parts/section/319260/part/628520/?case=detail&part_number=VO21169135
RT5001866702;https://volvogroupshop.ru/parts/part/654069/?part_number=RT5001866702
VO21257558;https://volvogroupshop.ru/parts/section/303684/part/500505/?case=detail&part_number=VO21257558
VO85003303;https://volvogroupshop.ru/parts/part/782388/?part_number=VO85003303
VO82348995;https://volvogroupshop.ru/parts/section/293072/part/366582/?case=detail&part_number=VO82348995
VO21231251;https://volvogroupshop.ru/parts/section/348798/part/502007/?case=detail&part_number=VO21231251
RT7400276948;https://volvogroupshop.ru/parts/section/348032/part/591505/?case=detail&part_number=RT7400276948
RT7421363476;https://volvogroupshop.ru/parts/part/697427/?part_number=RT7421363476
VO984033;https://volvogroupshop.ru/parts/section/349192/part/616132/?case=detail&part_number=VO984033
RT5010284863;https://volvogroupshop.ru/parts/part/846258/?part_number=RT5010284863
VO22318833;https://volvogroupshop.ru/parts/section/302237/part/621817/?case=detail&part_number=VO22318833
VO15067330;https://volvogroupshop.ru/parts/section/281483/part/567633/?case=detail&part_number=VO15067330
VO15041135;https://volvogroupshop.ru/parts/section/320168/part/567665/?case=detail&part_number=VO15041135
VO3191853;https://volvogroupshop.ru/parts/section/347868/part/618366/?case=detail&part_number=VO3191853
RT5010508380;https://volvogroupshop.ru/parts/part/670947/?part_number=RT5010508380
RT5010360056;https://volvogroupshop.ru/parts/part/667348/?part_number=RT5010360056
RT5000752128;https://volvogroupshop.ru/parts/part/644004/?part_number=RT5000752128
RT5001860645;https://volvogroupshop.ru/parts/part/652550/?part_number=RT5001860645
VO22185098;https://volvogroupshop.ru/parts/section/828542/part/622565/?case=detail&part_number=VO22185098
RT5010552121;https://volvogroupshop.ru/parts/part/672862/?part_number=RT5010552121
VO85013135;https://volvogroupshop.ru/parts/part/784026/?part_number=VO85013135
VO20873213;https://volvogroupshop.ru/parts/section/344637/part/630631/?case=detail&part_number=VO20873213
RT5010295778;https://volvogroupshop.ru/parts/part/665805/?part_number=RT5010295778
RT5003065196;https://volvogroupshop.ru/parts/part/658530/?part_number=RT5003065196
RT7485013254;https://volvogroupshop.ru/parts/part/716289/?part_number=RT7485013254
VO20801326;https://volvogroupshop.ru/parts/section/347468/part/529859/?case=detail&part_number=VO20801326
VO20721842;https://volvogroupshop.ru/parts/section/345116/part/538321/?case=detail&part_number=VO20721842
VO21969183;https://volvogroupshop.ru/parts/section/286306/part/450474/?case=detail&part_number=VO21969183
VO21969187;https://volvogroupshop.ru/parts/section/288324/part/450473/?case=detail&part_number=VO21969187
VO1676682;https://volvogroupshop.ru/parts/section/346980/part/564936/?case=detail&part_number=VO1676682
VO11038721;https://volvogroupshop.ru/parts/section/347069/part/568439/?case=detail&part_number=VO11038721
VO15067335;https://volvogroupshop.ru/parts/section/281480/part/567628/?case=detail&part_number=VO15067335
VO15112699;https://volvogroupshop.ru/parts/part/740645/?part_number=VO15112699
VO994848;https://volvogroupshop.ru/parts/section/348938/part/615254/?case=detail&part_number=VO994848
VO82371784;https://volvogroupshop.ru/parts/section/306618/part/366359/?case=detail&part_number=VO82371784
VO1523115;https://volvogroupshop.ru/parts/section/347828/part/634872/?case=detail&part_number=VO1523115
VO20915648;https://volvogroupshop.ru/parts/section/330710/part/521784/?case=detail&part_number=VO20915648
VO984725;https://volvogroupshop.ru/parts/section/347238/part/616040/?case=detail&part_number=VO984725
VO1544735;https://volvogroupshop.ru/parts/section/348259/part/634777/?case=detail&part_number=VO1544735
VO3197753;https://volvogroupshop.ru/parts/section/344322/part/618353/?case=detail&part_number=VO3197753
RT5000937866;https://volvogroupshop.ru/parts/part/646496/?part_number=RT5000937866
RT5001866493;https://volvogroupshop.ru/parts/part/654019/?part_number=RT5001866493
VO994875;https://volvogroupshop.ru/parts/section/348972/part/615240/?case=detail&part_number=VO994875
RT5010284295;https://volvogroupshop.ru/parts/part/665403/?part_number=RT5010284295
VO964167;https://volvogroupshop.ru/parts/section/345938/part/353554/?case=detail&part_number=VO964167
RT7401546517;https://volvogroupshop.ru/parts/part/688571/?part_number=RT7401546517
VO1650305;https://volvogroupshop.ru/parts/section/319997/part/565924/?case=detail&part_number=VO1650305
VO22026929;https://volvogroupshop.ru/parts/section/828352/part/623351/?case=detail&part_number=VO22026929
VO21339843;https://volvogroupshop.ru/parts/section/338420/part/627924/?case=detail&part_number=VO21339843
VO20459855;https://volvogroupshop.ru/parts/section/323116/part/557258/?case=detail&part_number=VO20459855
VO20794057;https://volvogroupshop.ru/parts/section/339885/part/530364/?case=detail&part_number=VO20794057
VO20841081;https://volvogroupshop.ru/parts/section/344898/part/527091/?case=detail&part_number=VO20841081
VO25641426;https://volvogroupshop.ru/parts/section/281127/part/618541/?case=detail&part_number=VO25641426
RT5010284184;https://volvogroupshop.ru/parts/part/665357/?part_number=RT5010284184
RT7400959265;https://volvogroupshop.ru/parts/section/344554/part/586103/?case=detail&part_number=RT7400959265
VO990008;https://volvogroupshop.ru/parts/section/824762/part/615938/?case=detail&part_number=VO990008
VO8141830;https://volvogroupshop.ru/parts/section/345450/part/369726/?case=detail&part_number=VO8141830
RT5001853009;https://volvogroupshop.ru/parts/part/650886/?part_number=RT5001853009
RT5010477090;https://volvogroupshop.ru/parts/part/670052/?part_number=RT5010477090
VO3095631;https://volvogroupshop.ru/parts/section/176388/part/381374/?case=detail&part_number=VO3095631
VO21501189;https://volvogroupshop.ru/parts/section/331595/part/484809/?case=detail&part_number=VO21501189
VO24426876;https://volvogroupshop.ru/parts/section/340510/part/619703/?case=detail&part_number=VO24426876
VO8113408;https://volvogroupshop.ru/parts/part/776811/?part_number=VO8113408
VO15067337;https://volvogroupshop.ru/parts/section/281480/part/567626/?case=detail&part_number=VO15067337
VO1161997;https://volvogroupshop.ru/parts/part/568052/?part_number=VO1161997
VO976154;https://volvogroupshop.ru/parts/section/349221/part/352483/?case=detail&part_number=VO976154
VO1078240;https://volvogroupshop.ru/parts/section/341498/part/635087/?case=detail&part_number=VO1078240
RT5010422379;https://volvogroupshop.ru/parts/part/612999/?part_number=RT5010422379
VO82420879;https://volvogroupshop.ru/parts/part/780755/?part_number=VO82420879
RT7485004000;https://volvogroupshop.ru/parts/part/716250/?part_number=RT7485004000
RT5001858614;https://volvogroupshop.ru/parts/part/652147/?part_number=RT5001858614
VO21470665;https://volvogroupshop.ru/parts/part/755538/?part_number=VO21470665
RT5010571248;https://volvogroupshop.ru/parts/part/610633/?part_number=RT5010571248
RT5000694330;https://volvogroupshop.ru/parts/part/643089/?part_number=RT5000694330
RT5010284492;https://volvogroupshop.ru/parts/part/665455/?part_number=RT5010284492
RT5010206730;https://volvogroupshop.ru/parts/part/663234/?part_number=RT5010206730
RT5010571245;https://volvogroupshop.ru/parts/part/673928/?part_number=RT5010571245
VO8113177;https://volvogroupshop.ru/parts/part/776742/?part_number=VO8113177
VO8192931;https://volvogroupshop.ru/parts/part/368626/?part_number=VO8192931
VO8113286;https://volvogroupshop.ru/parts/part/776795/?part_number=VO8113286
VO20440415;https://volvogroupshop.ru/parts/part/749490/?part_number=VO20440415
VO21098634;https://volvogroupshop.ru/parts/section/171233/part/509321/?case=detail&part_number=VO21098634
VO21288837;https://volvogroupshop.ru/parts/section/346993/part/498627/?case=detail&part_number=VO21288837
RT5010284737;https://volvogroupshop.ru/parts/part/665489/?part_number=RT5010284737
VO21469918;https://volvogroupshop.ru/parts/part/755531/?part_number=VO21469918
VO85003054;https://volvogroupshop.ru/parts/part/782318/?part_number=VO85003054
VO85003951;https://volvogroupshop.ru/parts/part/782451/?part_number=VO85003951
VO85000071;https://volvogroupshop.ru/parts/section/173636/part/359126/?case=detail&part_number=VO85000071
VO20547351;https://volvogroupshop.ru/parts/part/546943/?part_number=VO20547351
VO20521943;https://volvogroupshop.ru/parts/section/176411/part/550031/?case=detail&part_number=VO20521943
VO20515376;https://volvogroupshop.ru/parts/section/176414/part/550995/?case=detail&part_number=VO20515376
RT7421006086;https://volvogroupshop.ru/parts/part/693680/?part_number=RT7421006086
RT7485136144;https://volvogroupshop.ru/parts/part/721977/?part_number=RT7485136144
VO1062636;https://volvogroupshop.ru/parts/section/345450/part/569393/?case=detail&part_number=VO1062636
VO85125055;https://volvogroupshop.ru/parts/section/347048/part/356669/?case=detail&part_number=VO85125055
RT7421890385;https://volvogroupshop.ru/parts/section/328270/part/602343/?case=detail&part_number=RT7421890385
RT7421598449;https://volvogroupshop.ru/parts/?case=detail&part_number=RT7421598449
VO8171228;https://volvogroupshop.ru/parts/section/327604/part/617963/?case=detail&part_number=VO8171228
VO3092282;https://volvogroupshop.ru/parts/section/176388/part/381733/?case=detail&part_number=VO3092282
VO1069418;https://volvogroupshop.ru/parts/section/346782/part/635126/?case=detail&part_number=VO1069418
VO85114316;https://volvogroupshop.ru/parts/section/175372/part/357126/?case=detail&part_number=VO85114316
VO973882;https://volvogroupshop.ru/parts/section/348934/part/352649/?case=detail&part_number=VO973882
RT7422277957;https://volvogroupshop.ru/parts/part/597835/?part_number=RT7422277957
VO1656129;https://volvogroupshop.ru/parts/section/346863/part/634585/?case=detail&part_number=VO1656129
RT5003065042;https://volvogroupshop.ru/parts/part/658446/?part_number=RT5003065042
VO20500857;https://volvogroupshop.ru/parts/section/174272/part/633799/?case=detail&part_number=VO20500857
VO70320440;https://volvogroupshop.ru/parts/section/337992/part/375891/?case=detail&part_number=VO70320440
VO1071995;https://volvogroupshop.ru/parts/part/737779/?part_number=VO1071995
RT7421289219;https://volvogroupshop.ru/parts/part/696811/?part_number=RT7421289219
RT5010284736;https://volvogroupshop.ru/parts/part/665488/?part_number=RT5010284736
VO3090997;https://volvogroupshop.ru/parts/section/343253/part/381847/?case=detail&part_number=VO3090997
VO85000530;https://volvogroupshop.ru/parts/section/174413/part/359096/?case=detail&part_number=VO85000530
VO82332690;https://volvogroupshop.ru/parts/part/366692/?part_number=VO82332690
VO20533066;https://volvogroupshop.ru/parts/section/330031/part/548586/?case=detail&part_number=VO20533066
RT5001860646;https://volvogroupshop.ru/parts/part/652551/?part_number=RT5001860646
RT5010534282;https://volvogroupshop.ru/parts/part/585773/?part_number=RT5010534282
RT7421314849;https://volvogroupshop.ru/parts/part/606218/?part_number=RT7421314849
RT5000694357;https://volvogroupshop.ru/parts/part/643093/?part_number=RT5000694357
VO20781146;https://volvogroupshop.ru/parts/section/339562/part/631543/?case=detail&part_number=VO20781146
VO21007486;https://volvogroupshop.ru/parts/section/346445/part/515395/?case=detail&part_number=VO21007486
VO20544479;https://volvogroupshop.ru/parts/section/346414/part/547258/?case=detail&part_number=VO20544479
VO20556179;https://volvogroupshop.ru/parts/section/347970/part/633368/?case=detail&part_number=VO20556179
VO82333750;https://volvogroupshop.ru/parts/section/305346/part/366680/?case=detail&part_number=VO82333750
VO1660903;https://volvogroupshop.ru/parts/part/565625/?part_number=VO1660903
VO21089246;https://volvogroupshop.ru/parts/section/345056/part/510054/?case=detail&part_number=VO21089246
RT7400995055;https://volvogroupshop.ru/parts/section/347896/part/584251/?case=detail&part_number=RT7400995055
VO20915855;https://volvogroupshop.ru/parts/section/338420/part/630382/?case=detail&part_number=VO20915855
RT5010626109;https://volvogroupshop.ru/parts/part/676526/?part_number=RT5010626109
VO20538012;https://volvogroupshop.ru/parts/section/342870/part/633523/?case=detail&part_number=VO20538012
RT5010552115;https://volvogroupshop.ru/parts/part/672857/?part_number=RT5010552115
RT5001866922;https://volvogroupshop.ru/parts/part/654132/?part_number=RT5001866922
VO25292503;https://volvogroupshop.ru/parts/section/342604/part/619695/?case=detail&part_number=VO25292503
VO20762911;https://volvogroupshop.ru/parts/section/347468/part/631673/?case=detail&part_number=VO20762911
VO8113117;https://volvogroupshop.ru/parts/part/776713/?part_number=VO8113117
VO85113642;https://volvogroupshop.ru/parts/part/786474/?part_number=VO85113642
VO21316567;https://volvogroupshop.ru/parts/section/321861/part/497001/?case=detail&part_number=VO21316567
VO21258177;https://volvogroupshop.ru/parts/section/348607/part/628231/?case=detail&part_number=VO21258177
VO20846323;https://volvogroupshop.ru/parts/section/340800/part/526742/?case=detail&part_number=VO20846323
RT5010284797;https://volvogroupshop.ru/parts/part/665492/?part_number=RT5010284797
VO3963173;https://volvogroupshop.ru/parts/section/345936/part/378391/?case=detail&part_number=VO3963173
RT7485003949;https://volvogroupshop.ru/parts/part/716247/?part_number=RT7485003949
VO21041752;https://volvogroupshop.ru/parts/section/191969/part/513273/?case=detail&part_number=VO21041752
VO20941036;https://volvogroupshop.ru/parts/section/344688/part/520063/?case=detail&part_number=VO20941036
RT5001868213;https://volvogroupshop.ru/parts/part/654652/?part_number=RT5001868213
RT5200583511;https://volvogroupshop.ru/parts/part/686041/?part_number=RT5200583511
VO3169573;https://volvogroupshop.ru/parts/section/176224/part/380466/?case=detail&part_number=VO3169573
VO21001650;https://volvogroupshop.ru/parts/section/349250/part/515798/?case=detail&part_number=VO21001650
VO21301237;https://volvogroupshop.ru/parts/section/341701/part/497970/?case=detail&part_number=VO21301237
VO82074816;https://volvogroupshop.ru/parts/section/349225/part/368393/?case=detail&part_number=VO82074816
RT7420896833;https://volvogroupshop.ru/parts/part/691973/?part_number=RT7420896833
RT5000783635;https://volvogroupshop.ru/parts/part/644035/?part_number=RT5000783635
RT7420969789;https://volvogroupshop.ru/parts/part/693211/?part_number=RT7420969789
VO20907634;https://volvogroupshop.ru/parts/section/174495/part/630444/?case=detail&part_number=VO20907634
VO20535535;https://volvogroupshop.ru/parts/section/346947/part/548241/?case=detail&part_number=VO20535535
53-3104050;
VO420643;https://volvogroupshop.ru/parts/section/349261/part/618254/?case=detail&part_number=VO420643
VO21094173;https://volvogroupshop.ru/parts/section/338420/part/628830/?case=detail&part_number=VO21094173
VO994795;https://volvogroupshop.ru/parts/section/349226/part/615266/?case=detail&part_number=VO994795
VO82266373;https://volvogroupshop.ru/parts/section/305346/part/367266/?case=detail&part_number=VO82266373
VO3197754;https://volvogroupshop.ru/parts/section/344322/part/618352/?case=detail&part_number=VO3197754
VO20367537;https://volvogroupshop.ru/parts/section/170554/part/582631/?case=detail&part_number=VO20367537
RT7485132732;https://volvogroupshop.ru/parts/part/720767/?part_number=RT7485132732
VO85013062;https://volvogroupshop.ru/parts/part/784005/?part_number=VO85013062
VO85000950;https://volvogroupshop.ru/parts/part/781587/?part_number=VO85000950
VO994477;https://volvogroupshop.ru/parts/part/792694/?part_number=VO994477
VO21235858;https://volvogroupshop.ru/parts/section/348124/part/501800/?case=detail&part_number=VO21235858
VO977173;https://volvogroupshop.ru/parts/section/345146/part/352410/?case=detail&part_number=VO977173
RT7421683317;https://volvogroupshop.ru/parts/part/699822/?part_number=RT7421683317
RT7421083549;https://volvogroupshop.ru/parts/part/694984/?part_number=RT7421083549
VO21727282;https://volvogroupshop.ru/parts/part/756423/?part_number=VO21727282
RT5001833645;https://volvogroupshop.ru/parts/part/648309/?part_number=RT5001833645
RT7421088121;https://volvogroupshop.ru/parts/part/695076/?part_number=RT7421088121
VO21371676;https://volvogroupshop.ru/parts/section/321806/part/493794/?case=detail&part_number=VO21371676
VO276945;https://volvogroupshop.ru/parts/part/760547/?part_number=VO276945
RT5010550549;https://volvogroupshop.ru/parts/part/672771/?part_number=RT5010550549
RT5001866651;https://volvogroupshop.ru/parts/part/654055/?part_number=RT5001866651
VO994441;https://volvogroupshop.ru/parts/section/176504/part/615331/?case=detail&part_number=VO994441
RT7421329688;https://volvogroupshop.ru/parts/part/697257/?part_number=RT7421329688
RT5010588685;https://volvogroupshop.ru/parts/part/611532/?part_number=RT5010588685
RT7420736417;https://volvogroupshop.ru/parts/section/189574/part/611559/?case=detail&part_number=RT7420736417
RT5001858979;https://volvogroupshop.ru/parts/part/609947/?part_number=RT5001858979
RT7421560968;https://volvogroupshop.ru/parts/part/605248/?part_number=RT7421560968
RT7421283614;https://volvogroupshop.ru/parts/section/189687/part/607179/?case=detail&part_number=RT7421283614
RT5010552149;https://volvogroupshop.ru/parts/part/672873/?part_number=RT5010552149
RT7421106206;https://volvogroupshop.ru/parts/part/695302/?part_number=RT7421106206
VO85108900;https://volvogroupshop.ru/parts/part/357814/?part_number=VO85108900
VO992304;https://volvogroupshop.ru/parts/part/792545/?part_number=VO992304
VO20860659;https://volvogroupshop.ru/parts/section/340945/part/525642/?case=detail&part_number=VO20860659
VO1677158;https://volvogroupshop.ru/parts/part/745969/?part_number=VO1677158
VO20928630;https://volvogroupshop.ru/parts/section/176413/part/520832/?case=detail&part_number=VO20928630
VO85103700;https://volvogroupshop.ru/parts/section/347926/part/358762/?case=detail&part_number=VO85103700
RT7485003149;https://volvogroupshop.ru/parts/part/716092/?part_number=RT7485003149
RT5010550956;https://volvogroupshop.ru/parts/part/672824/?part_number=RT5010550956
RT7421340614;https://volvogroupshop.ru/parts/part/697304/?part_number=RT7421340614
RT7421640559;https://volvogroupshop.ru/parts/part/699492/?part_number=RT7421640559
RT7485136136;https://volvogroupshop.ru/parts/part/721970/?part_number=RT7485136136
RT5010143058;https://volvogroupshop.ru/parts/part/662714/?part_number=RT5010143058
RT7420844705;https://volvogroupshop.ru/parts/part/610412/?part_number=RT7420844705
RT5010437412;https://volvogroupshop.ru/parts/part/668933/?part_number=RT5010437412
RT7484538758;https://volvogroupshop.ru/parts/part/587297/?part_number=RT7484538758
RT7420808207;https://volvogroupshop.ru/parts/part/611031/?part_number=RT7420808207
RT7420743004;https://volvogroupshop.ru/parts/section/340445/part/611612/?case=detail&part_number=RT7420743004
VO3091445;https://volvogroupshop.ru/parts/section/176473/part/618508/?case=detail&part_number=VO3091445
VO22374837;https://volvogroupshop.ru/parts/section/339503/part/621590/?case=detail&part_number=VO22374837
VO977751;https://volvogroupshop.ru/parts/part/352348/?part_number=VO977751
VO1362645;https://volvogroupshop.ru/parts/part/740439/?part_number=VO1362645
VO8113582;https://volvogroupshop.ru/parts/part/776895/?part_number=VO8113582
VO20810091;https://volvogroupshop.ru/parts/section/174121/part/529275/?case=detail&part_number=VO20810091
RT7485003951;https://volvogroupshop.ru/parts/part/716248/?part_number=RT7485003951
RT7421006073;https://volvogroupshop.ru/parts/part/693679/?part_number=RT7421006073
RT7485136138;https://volvogroupshop.ru/parts/part/721971/?part_number=RT7485136138
RT5010571995;https://volvogroupshop.ru/parts/part/674033/?part_number=RT5010571995
VO21088284;https://volvogroupshop.ru/parts/section/345688/part/628863/?case=detail&part_number=VO21088284
RT5010552112;https://volvogroupshop.ru/parts/part/672854/?part_number=RT5010552112
RT7421317909;https://volvogroupshop.ru/parts/part/697099/?part_number=RT7421317909
RT5001836093;https://volvogroupshop.ru/parts/part/648667/?part_number=RT5001836093
VO990944;https://volvogroupshop.ru/parts/section/348947/part/615769/?case=detail&part_number=VO990944
RT5010260528;https://volvogroupshop.ru/parts/part/664912/?part_number=RT5010260528
VO1099016;https://volvogroupshop.ru/parts/section/345942/part/568573/?case=detail&part_number=VO1099016
RT5200595023;https://volvogroupshop.ru/parts/part/686049/?part_number=RT5200595023
RT7420862795;https://volvogroupshop.ru/parts/part/610162/?part_number=RT7420862795
VO20738748;https://volvogroupshop.ru/parts/section/331966/part/535888/?case=detail&part_number=VO20738748
VO25640730;https://volvogroupshop.ru/parts/section/345175/part/618948/?case=detail&part_number=VO25640730
VO82382165;https://volvogroupshop.ru/parts/section/299642/part/617708/?case=detail&part_number=VO82382165
VO20360542;https://volvogroupshop.ru/parts/section/345450/part/563942/?case=detail&part_number=VO20360542
VO20841069;https://volvogroupshop.ru/parts/section/344898/part/527093/?case=detail&part_number=VO20841069
VO22035807;https://volvogroupshop.ru/parts/part/757190/?part_number=VO22035807
VO21890555;https://volvogroupshop.ru/parts/section/188030/part/624647/?case=detail&part_number=VO21890555
VO383972;https://volvogroupshop.ru/parts/section/347879/part/618320/?case=detail&part_number=VO383972
VO20367538;https://volvogroupshop.ru/parts/section/175877/part/582661/?case=detail&part_number=VO20367538
VO20867274;https://volvogroupshop.ru/parts/section/193026/part/525032/?case=detail&part_number=VO20867274
RT5010477185;https://volvogroupshop.ru/parts/part/670067/?part_number=RT5010477185
VO21377915;https://volvogroupshop.ru/parts/part/493322/?part_number=VO21377915
VO84094705;https://volvogroupshop.ru/parts/section/348394/part/361481/?case=detail&part_number=VO84094705
RT5010417679;https://volvogroupshop.ru/parts/part/668442/?part_number=RT5010417679
VO1076698;https://volvogroupshop.ru/parts/section/340042/part/568844/?case=detail&part_number=VO1076698
VO3981417;https://volvogroupshop.ru/parts/section/348395/part/378094/?case=detail&part_number=VO3981417
VO20731717;https://volvogroupshop.ru/parts/section/328585/part/536968/?case=detail&part_number=VO20731717
VO20787445;https://volvogroupshop.ru/parts/section/348405/part/530856/?case=detail&part_number=VO20787445
VO20753485;https://volvogroupshop.ru/parts/section/185188/part/631842/?case=detail&part_number=VO20753485
RT7420845917;https://volvogroupshop.ru/parts/section/175080/part/610455/?case=detail&part_number=RT7420845917
RT7420800194;https://volvogroupshop.ru/parts/part/690488/?part_number=RT7420800194
RT5010477014;https://volvogroupshop.ru/parts/part/670045/?part_number=RT5010477014
VO20739547;https://volvogroupshop.ru/parts/section/347918/part/632085/?case=detail&part_number=VO20739547
RT5010315810;https://volvogroupshop.ru/parts/part/666332/?part_number=RT5010315810
VO20481333;https://volvogroupshop.ru/parts/section/176505/part/554865/?case=detail&part_number=VO20481333
RT7420706889;https://volvogroupshop.ru/parts/part/689858/?part_number=RT7420706889
RT5200567812;https://volvogroupshop.ru/parts/part/686032/?part_number=RT5200567812
VO21375354;https://volvogroupshop.ru/parts/part/755184/?part_number=VO21375354
VO276121;https://volvogroupshop.ru/parts/part/760437/?part_number=VO276121
VO85000324;https://volvogroupshop.ru/parts/part/781253/?part_number=VO85000324
VO85003268;https://volvogroupshop.ru/parts/part/782378/?part_number=VO85003268
VO21244717;https://volvogroupshop.ru/parts/section/336284/part/501252/?case=detail&part_number=VO21244717
VO85000913;https://volvogroupshop.ru/parts/part/781584/?part_number=VO85000913
RT7420809775;https://volvogroupshop.ru/parts/part/690615/?part_number=RT7420809775
RT5010360730;https://volvogroupshop.ru/parts/part/667371/?part_number=RT5010360730
VO20428724;https://volvogroupshop.ru/parts/section/346671/part/560648/?case=detail&part_number=VO20428724
VO8143976;https://volvogroupshop.ru/parts/section/345450/part/369642/?case=detail&part_number=VO8143976
VO21585801;https://volvogroupshop.ru/parts/section/316637/part/626605/?case=detail&part_number=VO21585801
RT5010460055;https://volvogroupshop.ru/parts/part/669595/?part_number=RT5010460055
VO20754045;https://volvogroupshop.ru/parts/section/340388/part/533799/?case=detail&part_number=VO20754045
VO8171380;https://volvogroupshop.ru/parts/section/176505/part/617957/?case=detail&part_number=VO8171380
VO22592094;https://volvogroupshop.ru/parts/section/191440/part/620537/?case=detail&part_number=VO22592094
RT7420998634;https://volvogroupshop.ru/parts/part/693562/?part_number=RT7420998634
RT5200283365;https://volvogroupshop.ru/parts/part/685965/?part_number=RT5200283365
VO82365250;https://volvogroupshop.ru/parts/section/347469/part/617731/?case=detail&part_number=VO82365250
VO85119943;https://volvogroupshop.ru/parts/section/175799/part/356968/?case=detail&part_number=VO85119943
VO20965324;https://volvogroupshop.ru/parts/section/338636/part/517998/?case=detail&part_number=VO20965324
VO85003264;https://volvogroupshop.ru/parts/section/192707/part/359051/?case=detail&part_number=VO85003264
VO20515059;https://volvogroupshop.ru/parts/section/176414/part/551019/?case=detail&part_number=VO20515059
VO21768926;https://volvogroupshop.ru/parts/section/333364/part/625339/?case=detail&part_number=VO21768926
RT5010242017;https://volvogroupshop.ru/parts/part/664252/?part_number=RT5010242017
VO20541447;https://volvogroupshop.ru/parts/section/347805/part/547540/?case=detail&part_number=VO20541447
RT5010550953;https://volvogroupshop.ru/parts/part/672821/?part_number=RT5010550953
RT7401134955;https://volvogroupshop.ru/parts/part/796857/?part_number=RT7401134955
VO20366600;https://volvogroupshop.ru/parts/part/747964/?part_number=VO20366600
VO8170561;https://volvogroupshop.ru/parts/section/330495/part/369128/?case=detail&part_number=VO8170561
VO21937978;https://volvogroupshop.ru/parts/section/192466/part/452763/?case=detail&part_number=VO21937978
VO20390470;https://volvogroupshop.ru/parts/section/172496/part/562559/?case=detail&part_number=VO20390470
VO8150742;https://volvogroupshop.ru/parts/section/347385/part/618008/?case=detail&part_number=VO8150742
RT5010135073;https://volvogroupshop.ru/parts/part/662429/?part_number=RT5010135073
RT5010284273;https://volvogroupshop.ru/parts/part/665394/?part_number=RT5010284273
RT5010323014;https://volvogroupshop.ru/parts/part/666647/?part_number=RT5010323014
RT7488840314;https://volvogroupshop.ru/parts/part/726529/?part_number=RT7488840314
RT5010552105;https://volvogroupshop.ru/parts/part/672849/?part_number=RT5010552105
VO3120490;https://volvogroupshop.ru/parts/part/764742/?part_number=VO3120490
VO994195;https://volvogroupshop.ru/parts/section/347411/part/615395/?case=detail&part_number=VO994195
VO82204668;https://volvogroupshop.ru/parts/section/346370/part/367742/?case=detail&part_number=VO82204668
VO22212990;https://volvogroupshop.ru/parts/section/279116/part/436604/?case=detail&part_number=VO22212990
VO20545123;https://volvogroupshop.ru/parts/section/175674/part/633474/?case=detail&part_number=VO20545123
RT5010284803;https://volvogroupshop.ru/parts/part/665494/?part_number=RT5010284803
RT7482270859;https://volvogroupshop.ru/parts/part/714846/?part_number=RT7482270859
RT7485121670;https://volvogroupshop.ru/parts/part/717934/?part_number=RT7485121670
VO20730022;https://volvogroupshop.ru/parts/section/347468/part/632539/?case=detail&part_number=VO20730022
RT5003053463;https://volvogroupshop.ru/parts/part/585641/?part_number=RT5003053463
VO21409738;https://volvogroupshop.ru/parts/section/345055/part/491135/?case=detail&part_number=VO21409738
VO85000741;https://volvogroupshop.ru/parts/section/338636/part/359088/?case=detail&part_number=VO85000741
VO8113409;https://volvogroupshop.ru/parts/part/776812/?part_number=VO8113409
VO3978820;https://volvogroupshop.ru/parts/part/768981/?part_number=VO3978820
VO276310;https://volvogroupshop.ru/parts/part/760473/?part_number=VO276310
RT5001875237;https://volvogroupshop.ru/parts/part/657430/?part_number=RT5001875237
VO20924949;https://volvogroupshop.ru/parts/part/521130/?part_number=VO20924949
VO20483919;https://volvogroupshop.ru/parts/section/347960/part/634012/?case=detail&part_number=VO20483919
VO969780;https://volvogroupshop.ru/parts/section/345942/part/352956/?case=detail&part_number=VO969780
VO20467371;https://volvogroupshop.ru/parts/section/349221/part/556548/?case=detail&part_number=VO20467371
VO984210;https://volvogroupshop.ru/parts/section/340097/part/616082/?case=detail&part_number=VO984210
VO9998494;https://volvogroupshop.ru/parts/part/794805/?part_number=VO9998494
RT7482902527;https://volvogroupshop.ru/parts/part/715687/?part_number=RT7482902527
RT7485104224;https://volvogroupshop.ru/parts/section/349073/part/586546/?case=detail&part_number=RT7485104224
RT7424425719;https://volvogroupshop.ru/parts/part/707081/?part_number=RT7424425719
VO21103016;https://volvogroupshop.ru/parts/section/348062/part/509091/?case=detail&part_number=VO21103016
VO85000379;https://volvogroupshop.ru/parts/section/348353/part/359106/?case=detail&part_number=VO85000379
VO276944;https://volvogroupshop.ru/parts/part/760546/?part_number=VO276944
VO276867;https://volvogroupshop.ru/parts/part/760526/?part_number=VO276867
VO3976736;https://volvogroupshop.ru/parts/part/768855/?part_number=VO3976736
RT7485003948;https://volvogroupshop.ru/parts/part/716246/?part_number=RT7485003948
VO20442735;https://volvogroupshop.ru/parts/section/315753/part/559136/?case=detail&part_number=VO20442735
VO992267;https://volvogroupshop.ru/parts/section/346616/part/615630/?case=detail&part_number=VO992267
RT7421454874;https://volvogroupshop.ru/parts/part/697980/?part_number=RT7421454874
VO82322972;https://volvogroupshop.ru/parts/section/313081/part/366748/?case=detail&part_number=VO82322972
RT7420702095;https://volvogroupshop.ru/parts/section/348811/part/612997/?case=detail&part_number=RT7420702095
RT7421149777;https://volvogroupshop.ru/parts/section/189639/part/606668/?case=detail&part_number=RT7421149777
RT5001844262;https://volvogroupshop.ru/parts/part/649494/?part_number=RT5001844262
RT7420845995;https://volvogroupshop.ru/parts/section/348826/part/610231/?case=detail&part_number=RT7420845995
RT7421283615;https://volvogroupshop.ru/parts/section/189687/part/607180/?case=detail&part_number=RT7421283615
VO21500748;https://volvogroupshop.ru/parts/section/250219/part/484859/?case=detail&part_number=VO21500748
VO1672045;https://volvogroupshop.ru/parts/section/347889/part/634546/?case=detail&part_number=VO1672045
VO21061992;https://volvogroupshop.ru/parts/section/340771/part/512180/?case=detail&part_number=VO21061992
VO21062377;https://volvogroupshop.ru/parts/section/323779/part/512149/?case=detail&part_number=VO21062377
VO993123;https://volvogroupshop.ru/parts/section/342873/part/615561/?case=detail&part_number=VO993123
VO21696908;https://volvogroupshop.ru/parts/part/756330/?part_number=VO21696908
RT7485141849;https://volvogroupshop.ru/parts/part/724356/?part_number=RT7485141849
VO20749399;https://volvogroupshop.ru/parts/section/331622/part/534472/?case=detail&part_number=VO20749399
VO85000599;https://volvogroupshop.ru/parts/part/781413/?part_number=VO85000599
VO20430583;https://volvogroupshop.ru/parts/section/174913/part/560458/?case=detail&part_number=VO20430583
VO21371674;https://volvogroupshop.ru/parts/part/755174/?part_number=VO21371674
VO276851;https://volvogroupshop.ru/parts/part/760519/?part_number=VO276851
VO275628;https://volvogroupshop.ru/parts/part/760382/?part_number=VO275628
RT5001858484;https://volvogroupshop.ru/parts/part/652115/?part_number=RT5001858484
RT7485001663;https://volvogroupshop.ru/parts/part/715987/?part_number=RT7485001663
RT5001858932;https://volvogroupshop.ru/parts/part/652197/?part_number=RT5001858932
VO980834;https://volvogroupshop.ru/parts/section/346423/part/616206/?case=detail&part_number=VO980834
VO3093482;https://volvogroupshop.ru/parts/section/338397/part/381601/?case=detail&part_number=VO3093482
RT7420802353;https://volvogroupshop.ru/parts/section/188545/part/610492/?case=detail&part_number=RT7420802353
VO20466644;https://volvogroupshop.ru/parts/section/176469/part/556632/?case=detail&part_number=VO20466644
RT5010626192;https://volvogroupshop.ru/parts/part/676538/?part_number=RT5010626192
VO1697408;https://volvogroupshop.ru/parts/section/343253/part/634430/?case=detail&part_number=VO1697408
VO1650394;https://volvogroupshop.ru/parts/section/319990/part/565906/?case=detail&part_number=VO1650394
RT7420539530;https://volvogroupshop.ru/parts/section/326677/part/612599/?case=detail&part_number=RT7420539530
RT7420479636;https://volvogroupshop.ru/parts/section/343092/part/614160/?case=detail&part_number=RT7420479636
RT7400944126;https://volvogroupshop.ru/parts/section/341332/part/585223/?case=detail&part_number=RT7400944126
VO85000177;https://volvogroupshop.ru/parts/part/781194/?part_number=VO85000177
VO21489991;https://volvogroupshop.ru/parts/section/176094/part/485602/?case=detail&part_number=VO21489991
VO20833930;https://volvogroupshop.ru/parts/section/319989/part/527624/?case=detail&part_number=VO20833930
VO257932;https://volvogroupshop.ru/parts/section/349150/part/384179/?case=detail&part_number=VO257932
RT5000288798;https://volvogroupshop.ru/parts/part/639287/?part_number=RT5000288798
VO6849305;https://volvogroupshop.ru/parts/section/176484/part/376831/?case=detail&part_number=VO6849305
RT7421825232;https://volvogroupshop.ru/parts/section/328359/part/601649/?case=detail&part_number=RT7421825232
VO1665908;https://volvogroupshop.ru/parts/part/745486/?part_number=VO1665908
VO3950728;https://volvogroupshop.ru/parts/part/768042/?part_number=VO3950728
VO21429791;https://volvogroupshop.ru/parts/section/347041/part/489762/?case=detail&part_number=VO21429791
RT7421429789;https://volvogroupshop.ru/parts/part/697809/?part_number=RT7421429789
VO976162;https://volvogroupshop.ru/parts/section/349221/part/616323/?case=detail&part_number=VO976162
VO972079;https://volvogroupshop.ru/parts/section/176485/part/616375/?case=detail&part_number=VO972079
VO21773433;https://volvogroupshop.ru/parts/section/346476/part/463198/?case=detail&part_number=VO21773433
VO21284318;https://volvogroupshop.ru/parts/section/321951/part/628164/?case=detail&part_number=VO21284318
VO85121539;https://volvogroupshop.ru/parts/section/337120/part/356902/?case=detail&part_number=VO85121539
VO20970435;https://volvogroupshop.ru/parts/section/328261/part/517674/?case=detail&part_number=VO20970435
VO85013602;https://volvogroupshop.ru/parts/part/784114/?part_number=VO85013602
VO20440412;https://volvogroupshop.ru/parts/section/174913/part/559307/?case=detail&part_number=VO20440412
VO478683;https://volvogroupshop.ru/parts/part/770958/?part_number=VO478683
VO21209650;https://volvogroupshop.ru/parts/section/322317/part/628397/?case=detail&part_number=VO21209650
VO275641;https://volvogroupshop.ru/parts/part/760390/?part_number=VO275641
RT5001868516;https://volvogroupshop.ru/parts/part/654776/?part_number=RT5001868516
RT7421367718;https://volvogroupshop.ru/parts/section/320457/part/605796/?case=detail&part_number=RT7421367718
RT5010225516;https://volvogroupshop.ru/parts/part/663679/?part_number=RT5010225516
RT5010545474;https://volvogroupshop.ru/parts/part/672595/?part_number=RT5010545474
RT7420527057;https://volvogroupshop.ru/parts/section/344221/part/612578/?case=detail&part_number=RT7420527057
RT7482039600;https://volvogroupshop.ru/parts/part/714310/?part_number=RT7482039600
RT5001855880;https://volvogroupshop.ru/parts/part/651519/?part_number=RT5001855880
RT7485001664;https://volvogroupshop.ru/parts/part/715988/?part_number=RT7485001664
VO1673452;https://volvogroupshop.ru/parts/section/345890/part/634505/?case=detail&part_number=VO1673452
VO85003109;https://volvogroupshop.ru/parts/part/782335/?part_number=VO85003109
VO3978049;https://volvogroupshop.ru/parts/part/768921/?part_number=VO3978049
VO21253763;https://volvogroupshop.ru/parts/section/176413/part/628240/?case=detail&part_number=VO21253763
VO85123076;https://volvogroupshop.ru/parts/section/175258/part/356792/?case=detail&part_number=VO85123076
RT5001863754;https://volvogroupshop.ru/parts/part/652996/?part_number=RT5001863754
RT7421960482;https://volvogroupshop.ru/parts/part/701060/?part_number=RT7421960482
RT7485001662;https://volvogroupshop.ru/parts/part/715986/?part_number=RT7485001662
RT7485136139;https://volvogroupshop.ru/parts/part/721972/?part_number=RT7485136139
RT5200523379;https://volvogroupshop.ru/parts/part/685989/?part_number=RT5200523379
VO22304490;https://volvogroupshop.ru/parts/section/331608/part/621910/?case=detail&part_number=VO22304490
RT7421390589;https://volvogroupshop.ru/parts/part/697594/?part_number=RT7421390589
VO85107489;https://volvogroupshop.ru/parts/section/349221/part/358062/?case=detail&part_number=VO85107489
VO990037;https://volvogroupshop.ru/parts/section/349225/part/615922/?case=detail&part_number=VO990037
VO1099017;https://volvogroupshop.ru/parts/section/345942/part/568572/?case=detail&part_number=VO1099017
RT5010284632;https://volvogroupshop.ru/parts/part/665478/?part_number=RT5010284632
RT7420817742;https://volvogroupshop.ru/parts/section/347961/part/611135/?case=detail&part_number=RT7420817742
RT7420802348;https://volvogroupshop.ru/parts/section/188547/part/610490/?case=detail&part_number=RT7420802348
RT5010550817;https://volvogroupshop.ru/parts/part/672797/?part_number=RT5010550817
VO85000744;https://volvogroupshop.ru/parts/part/781516/?part_number=VO85000744
VO8113895;https://volvogroupshop.ru/parts/part/776980/?part_number=VO8113895
RT7485136141;https://volvogroupshop.ru/parts/part/721974/?part_number=RT7485136141
VO20412972;https://volvogroupshop.ru/parts/section/348343/part/561535/?case=detail&part_number=VO20412972
VO992247;https://volvogroupshop.ru/parts/section/346465/part/615638/?case=detail&part_number=VO992247
RT5001866377;https://volvogroupshop.ru/parts/part/653990/?part_number=RT5001866377
VO85013765;https://volvogroupshop.ru/parts/part/784183/?part_number=VO85013765
VO954493;https://volvogroupshop.ru/parts/section/176480/part/354089/?case=detail&part_number=VO954493
VO88880057;https://volvogroupshop.ru/parts/part/788987/?part_number=VO88880057
VO20742466;https://volvogroupshop.ru/parts/section/340110/part/535356/?case=detail&part_number=VO20742466
VO976503;https://volvogroupshop.ru/parts/section/348799/part/616313/?case=detail&part_number=VO976503
VO20443551;https://volvogroupshop.ru/parts/section/348235/part/559021/?case=detail&part_number=VO20443551
RT7422077102;https://volvogroupshop.ru/parts/part/702955/?part_number=RT7422077102
VO20443492;https://volvogroupshop.ru/parts/section/348216/part/559036/?case=detail&part_number=VO20443492
VO25381839;https://volvogroupshop.ru/parts/section/340333/part/385765/?case=detail&part_number=VO25381839
VO914459;https://volvogroupshop.ru/parts/section/341081/part/616836/?case=detail&part_number=VO914459
RT5003101750;https://volvogroupshop.ru/parts/section/331602/part/585459/?case=detail&part_number=RT5003101750
RT7485003718;https://volvogroupshop.ru/parts/part/716178/?part_number=RT7485003718
IVE99374530;
VO21960479;https://volvogroupshop.ru/parts/section/178081/part/757029/?case=detail&part_number=VO21960479
VO3976820;https://volvogroupshop.ru/parts/part/768883/?part_number=VO3976820
VO21451295;https://volvogroupshop.ru/parts/section/336286/part/488521/?case=detail&part_number=VO21451295
RT7485136315;https://volvogroupshop.ru/parts/part/721994/?part_number=RT7485136315
RT5010534616;https://volvogroupshop.ru/parts/part/672280/?part_number=RT5010534616
VO992017;https://volvogroupshop.ru/parts/section/346149/part/615674/?case=detail&part_number=VO992017
RT5001866637;https://volvogroupshop.ru/parts/part/654049/?part_number=RT5001866637
VO1677875;https://volvogroupshop.ru/parts/section/348151/part/634451/?case=detail&part_number=VO1677875
VO984862;https://volvogroupshop.ru/parts/section/349153/part/615961/?case=detail&part_number=VO984862
VO25324997;https://volvogroupshop.ru/parts/section/345762/part/619582/?case=detail&part_number=VO25324997
VO420538;https://volvogroupshop.ru/parts/part/769772/?part_number=VO420538
VO3986447;https://volvogroupshop.ru/parts/section/171539/part/580655/?case=detail&part_number=VO3986447
VO8125401;https://volvogroupshop.ru/parts/?case=detail&part_number=VO8125401
RT7420862815;https://volvogroupshop.ru/parts/part/610167/?part_number=RT7420862815
VO21697342;https://volvogroupshop.ru/parts/section/342057/part/468994/?case=detail&part_number=VO21697342
VO914472;https://volvogroupshop.ru/parts/section/176468/part/616832/?case=detail&part_number=VO914472
VO20476479;https://volvogroupshop.ru/parts/section/347354/part/555468/?case=detail&part_number=VO20476479
VO21776807;https://volvogroupshop.ru/parts/section/345691/part/462994/?case=detail&part_number=VO21776807
VO20915821;https://volvogroupshop.ru/parts/section/191342/part/630387/?case=detail&part_number=VO20915821
VO994792;https://volvogroupshop.ru/parts/section/347449/part/615267/?case=detail&part_number=VO994792
RT5001866641;https://volvogroupshop.ru/parts/part/654051/?part_number=RT5001866641
VO82144861;https://volvogroupshop.ru/parts/section/344638/part/617842/?case=detail&part_number=VO82144861
VO1661667;https://volvogroupshop.ru/parts/part/745055/?part_number=VO1661667
VO85003257;https://volvogroupshop.ru/parts/part/782372/?part_number=VO85003257
VO990952;https://volvogroupshop.ru/parts/section/348317/part/615762/?case=detail&part_number=VO990952
RT5010137143;https://volvogroupshop.ru/parts/part/662471/?part_number=RT5010137143
RT7421306439;https://volvogroupshop.ru/parts/?case=detail&part_number=RT7421306439
VO82194800;https://volvogroupshop.ru/parts/section/326129/part/367786/?case=detail&part_number=VO82194800
RT5010260496;https://volvogroupshop.ru/parts/part/664906/?part_number=RT5010260496
RT5010316863;https://volvogroupshop.ru/parts/part/666415/?part_number=RT5010316863
RT5010587010;https://volvogroupshop.ru/parts/part/674765/?part_number=RT5010587010
VO85119967;https://volvogroupshop.ru/parts/section/347883/part/356963/?case=detail&part_number=VO85119967
VO8113893;https://volvogroupshop.ru/parts/part/776979/?part_number=VO8113893
VO3964817;https://volvogroupshop.ru/parts/section/176436/part/618294/?case=detail&part_number=VO3964817
VO21098633;https://volvogroupshop.ru/parts/section/171233/part/509322/?case=detail&part_number=VO21098633
RT5010544995;https://volvogroupshop.ru/parts/part/672531/?part_number=RT5010544995
RT5010311753;https://volvogroupshop.ru/parts/part/666130/?part_number=RT5010311753
VO20891183;https://volvogroupshop.ru/parts/section/347468/part/630524/?case=detail&part_number=VO20891183
VO21002113;https://volvogroupshop.ru/parts/section/346114/part/515736/?case=detail&part_number=VO21002113
VO20868145;https://volvogroupshop.ru/parts/section/343093/part/524977/?case=detail&part_number=VO20868145
VO20431584;https://volvogroupshop.ru/parts/section/343092/part/560437/?case=detail&part_number=VO20431584
VO8113192;https://volvogroupshop.ru/parts/part/776744/?part_number=VO8113192
VO85013271;https://volvogroupshop.ru/parts/section/192708/part/359045/?case=detail&part_number=VO85013271
VO3155040;https://volvogroupshop.ru/parts/part/765498/?part_number=VO3155040
VO22102390;https://volvogroupshop.ru/parts/part/622859/?part_number=VO22102390
RT7485003894;https://volvogroupshop.ru/parts/part/716236/?part_number=RT7485003894
RT7421960480;https://volvogroupshop.ru/parts/part/701059/?part_number=RT7421960480
RT5001868221;https://volvogroupshop.ru/parts/part/654654/?part_number=RT5001868221
RT5005005097;https://volvogroupshop.ru/parts/part/593016/?part_number=RT5005005097
VO20360808;https://volvogroupshop.ru/parts/section/172538/part/563892/?case=detail&part_number=VO20360808
RT7421497416;https://volvogroupshop.ru/parts/section/347407/part/604624/?case=detail&part_number=RT7421497416
RT7421005016;https://volvogroupshop.ru/parts/part/693632/?part_number=RT7421005016
RT7484549068;https://volvogroupshop.ru/parts/part/587340/?part_number=RT7484549068
VO11145804;https://volvogroupshop.ru/parts/section/347298/part/568315/?case=detail&part_number=VO11145804
VO21580956;https://volvogroupshop.ru/parts/section/336034/part/478413/?case=detail&part_number=VO21580956
VO21017341;https://volvogroupshop.ru/parts/section/175283/part/629349/?case=detail&part_number=VO21017341
VO3197752;https://volvogroupshop.ru/parts/section/344322/part/618354/?case=detail&part_number=VO3197752
RT7420405125;https://volvogroupshop.ru/parts/part/689373/?part_number=RT7420405125
VO21122804;https://volvogroupshop.ru/parts/section/344638/part/507865/?case=detail&part_number=VO21122804
VO984807;https://volvogroupshop.ru/parts/section/346053/part/615998/?case=detail&part_number=VO984807
RT5010550267;https://volvogroupshop.ru/parts/part/672755/?part_number=RT5010550267
VO6792554;https://volvogroupshop.ru/parts/part/773547/?part_number=VO6792554
VO85013059;https://volvogroupshop.ru/parts/part/784003/?part_number=VO85013059
VO994500;https://volvogroupshop.ru/parts/section/258392/part/350223/?case=detail&part_number=VO994500
VO20456129;https://volvogroupshop.ru/parts/section/345146/part/557787/?case=detail&part_number=VO20456129
VO3093917;https://volvogroupshop.ru/parts/section/348666/part/381554/?case=detail&part_number=VO3093917
VO84160385;https://volvogroupshop.ru/parts/section/285453/part/361366/?case=detail&part_number=VO84160385
VO82471157;https://volvogroupshop.ru/parts/section/280837/part/365444/?case=detail&part_number=VO82471157
VO20374214;https://volvogroupshop.ru/parts/section/334007/part/634271/?case=detail&part_number=VO20374214
VO20555359;https://volvogroupshop.ru/parts/part/545790/?part_number=VO20555359
VO21343037;https://volvogroupshop.ru/parts/section/329378/part/495371/?case=detail&part_number=VO21343037
VO21644596;https://volvogroupshop.ru/parts/section/328279/part/473063/?case=detail&part_number=VO21644596
RT5001866295;https://volvogroupshop.ru/parts/part/653954/?part_number=RT5001866295
VO1096612;https://volvogroupshop.ru/parts/section/345942/part/568593/?case=detail&part_number=VO1096612
RT7420581866;https://volvogroupshop.ru/parts/section/187950/part/612923/?case=detail&part_number=RT7420581866
RT7424426721;https://volvogroupshop.ru/parts/section/347915/part/593734/?case=detail&part_number=RT7424426721
RT5001861753;https://volvogroupshop.ru/parts/part/652619/?part_number=RT5001861753
VO184706;https://volvogroupshop.ru/parts/part/747145/?part_number=VO184706
VO3979764;https://volvogroupshop.ru/parts/section/348200/part/378165/?case=detail&part_number=VO3979764
VO3092277;https://volvogroupshop.ru/parts/section/345111/part/618502/?case=detail&part_number=VO3092277
VO973155;https://volvogroupshop.ru/parts/section/176033/part/352675/?case=detail&part_number=VO973155
RT7485107753;https://volvogroupshop.ru/parts/section/344379/part/586715/?case=detail&part_number=RT7485107753
RT5001834679;https://volvogroupshop.ru/parts/part/648466/?part_number=RT5001834679
RT5001868279;https://volvogroupshop.ru/parts/part/654680/?part_number=RT5001868279
VO22429963;https://volvogroupshop.ru/parts/section/334099/part/422389/?case=detail&part_number=VO22429963
VO85019766;https://volvogroupshop.ru/parts/part/784440/?part_number=VO85019766
VO20503168;https://volvogroupshop.ru/parts/section/336705/part/552557/?case=detail&part_number=VO20503168
VO21516449;https://volvogroupshop.ru/parts/section/345691/part/627162/?case=detail&part_number=VO21516449
VO85003215;https://volvogroupshop.ru/parts/part/782358/?part_number=VO85003215
RT7421844870;https://volvogroupshop.ru/parts/section/189260/part/601662/?case=detail&part_number=RT7421844870
RT7420920100;https://volvogroupshop.ru/parts/part/692440/?part_number=RT7420920100
VO20750296;https://volvogroupshop.ru/parts/section/328302/part/631881/?case=detail&part_number=VO20750296
VO20833936;https://volvogroupshop.ru/parts/section/319989/part/527622/?case=detail&part_number=VO20833936
VO914167;https://volvogroupshop.ru/parts/section/344946/part/616839/?case=detail&part_number=VO914167
RT7421065314;https://volvogroupshop.ru/parts/part/694697/?part_number=RT7421065314
RT5005026302;https://volvogroupshop.ru/parts/part/659247/?part_number=RT5005026302
VO25309934;https://volvogroupshop.ru/parts/section/185510/part/619639/?case=detail&part_number=VO25309934
VO20732734;https://volvogroupshop.ru/parts/section/348543/part/536810/?case=detail&part_number=VO20732734
VO20451445;https://volvogroupshop.ru/parts/section/171320/part/582199/?case=detail&part_number=VO20451445
VO20969789;https://volvogroupshop.ru/parts/section/340439/part/517727/?case=detail&part_number=VO20969789
VO20731735;https://volvogroupshop.ru/parts/section/328585/part/536964/?case=detail&part_number=VO20731735
VO3175366;https://volvogroupshop.ru/parts/section/328585/part/380244/?case=detail&part_number=VO3175366
VO3154321;https://volvogroupshop.ru/parts/section/343436/part/618413/?case=detail&part_number=VO3154321
VO20873208;https://volvogroupshop.ru/parts/section/344637/part/630632/?case=detail&part_number=VO20873208
VO3095163;https://volvogroupshop.ru/parts/section/172167/part/381438/?case=detail&part_number=VO3095163
VO8191781;https://volvogroupshop.ru/parts/section/343543/part/368692/?case=detail&part_number=VO8191781
RT7420430678;https://volvogroupshop.ru/parts/section/343092/part/613426/?case=detail&part_number=RT7420430678
RT5001866321;https://volvogroupshop.ru/parts/part/653961/?part_number=RT5001866321
VO20710525;https://volvogroupshop.ru/parts/part/751740/?part_number=VO20710525
RT5010589393;https://volvogroupshop.ru/parts/part/613294/?part_number=RT5010589393
RT5001834511;https://volvogroupshop.ru/parts/part/648437/?part_number=RT5001834511
RT7421462811;https://volvogroupshop.ru/parts/section/186021/part/606008/?case=detail&part_number=RT7421462811
RT5010360060;https://volvogroupshop.ru/parts/part/667351/?part_number=RT5010360060
VO21355943;https://volvogroupshop.ru/parts/section/339898/part/494667/?case=detail&part_number=VO21355943
VO82055584;https://volvogroupshop.ru/parts/section/326129/part/368550/?case=detail&part_number=VO82055584
VO21089247;https://volvogroupshop.ru/parts/section/345056/part/510053/?case=detail&part_number=VO21089247
RT7421683316;https://volvogroupshop.ru/parts/part/699821/?part_number=RT7421683316
RT7421426987;https://volvogroupshop.ru/parts/section/347975/part/605719/?case=detail&part_number=RT7421426987
RT5010514349;https://volvogroupshop.ru/parts/part/671058/?part_number=RT5010514349
VO20768578;https://volvogroupshop.ru/parts/part/752317/?part_number=VO20768578
VO21652515;https://volvogroupshop.ru/parts/section/321812/part/472464/?case=detail&part_number=VO21652515
VO21726275;https://volvogroupshop.ru/parts/section/828358/part/466981/?case=detail&part_number=VO21726275
VO84134281;https://volvogroupshop.ru/parts/section/285208/part/361429/?case=detail&part_number=VO84134281
RT7420518662;https://volvogroupshop.ru/parts/part/689600/?part_number=RT7420518662
VO20538247;https://volvogroupshop.ru/parts/section/342870/part/633519/?case=detail&part_number=VO20538247
RT5010422743;https://volvogroupshop.ru/parts/part/668621/?part_number=RT5010422743
RT7422536158;https://volvogroupshop.ru/parts/part/596369/?part_number=RT7422536158
VO24425046;https://volvogroupshop.ru/parts/section/337158/part/619718/?case=detail&part_number=VO24425046
VO85003948;https://volvogroupshop.ru/parts/part/782448/?part_number=VO85003948
VO21371675;https://volvogroupshop.ru/parts/section/304059/part/493795/?case=detail&part_number=VO21371675
VO276949;https://volvogroupshop.ru/parts/part/760550/?part_number=VO276949
VO276906;https://volvogroupshop.ru/parts/part/760536/?part_number=VO276906
RT7485126579;https://volvogroupshop.ru/parts/part/719261/?part_number=RT7485126579
VO22223804;https://volvogroupshop.ru/parts/section/271428/part/435839/?case=detail&part_number=VO22223804
RT5000790849;https://volvogroupshop.ru/parts/part/644403/?part_number=RT5000790849
VO20726576;https://volvogroupshop.ru/parts/section/188504/part/632611/?case=detail&part_number=VO20726576
RT5001875775;https://volvogroupshop.ru/parts/part/657701/?part_number=RT5001875775
RT5001858537;https://volvogroupshop.ru/parts/part/610237/?part_number=RT5001858537
VO471788;https://volvogroupshop.ru/parts/part/770769/?part_number=VO471788
VO3976870;https://volvogroupshop.ru/parts/part/768904/?part_number=VO3976870
RT7420965324;https://volvogroupshop.ru/parts/part/693121/?part_number=RT7420965324
VO991079;https://volvogroupshop.ru/parts/section/346458/part/615728/?case=detail&part_number=VO991079
VO992018;https://volvogroupshop.ru/parts/section/346419/part/615673/?case=detail&part_number=VO992018
VO22194741;https://volvogroupshop.ru/parts/section/334460/part/622479/?case=detail&part_number=VO22194741
RT5001831055;https://volvogroupshop.ru/parts/part/647840/?part_number=RT5001831055
RT5010550712;https://volvogroupshop.ru/parts/part/672785/?part_number=RT5010550712
VO21461984;https://volvogroupshop.ru/parts/section/307945/part/487915/?case=detail&part_number=VO21461984
RT7420852764;https://volvogroupshop.ru/parts/section/341792/part/610182/?case=detail&part_number=RT7420852764
VO24425044;https://volvogroupshop.ru/parts/section/340698/part/619720/?case=detail&part_number=VO24425044
VO85000396;https://volvogroupshop.ru/parts/part/781287/?part_number=VO85000396
VO21585711;https://volvogroupshop.ru/parts/section/346729/part/478055/?case=detail&part_number=VO21585711
VO925092;https://volvogroupshop.ru/parts/section/348849/part/355297/?case=detail&part_number=VO925092
VO22148422;https://volvogroupshop.ru/parts/section/303271/part/440012/?case=detail&part_number=VO22148422
VO984816;https://volvogroupshop.ru/parts/section/828963/part/615992/?case=detail&part_number=VO984816
VO8171932;https://volvogroupshop.ru/parts/section/176276/part/617945/?case=detail&part_number=VO8171932
VO25379098;https://volvogroupshop.ru/parts/section/185128/part/619348/?case=detail&part_number=VO25379098
RT7421363477;https://volvogroupshop.ru/parts/part/697428/?part_number=RT7421363477
VO85119956;https://volvogroupshop.ru/parts/section/346235/part/356965/?case=detail&part_number=VO85119956
VO8112556;https://volvogroupshop.ru/parts/part/776511/?part_number=VO8112556
VO8112561;https://volvogroupshop.ru/parts/part/776512/?part_number=VO8112561
VO20793531;https://volvogroupshop.ru/parts/section/335436/part/530393/?case=detail&part_number=VO20793531
RT5005330278;https://volvogroupshop.ru/parts/part/659883/?part_number=RT5005330278
RT5001860074;https://volvogroupshop.ru/parts/part/652440/?part_number=RT5001860074
RT5001870062;https://volvogroupshop.ru/parts/part/655421/?part_number=RT5001870062
RT5010600042;https://volvogroupshop.ru/parts/section/189881/part/612183/?case=detail&part_number=RT5010600042
RT7420713859;https://volvogroupshop.ru/parts/part/689897/?part_number=RT7420713859
VO1069030;https://volvogroupshop.ru/parts/section/343416/part/635136/?case=detail&part_number=VO1069030
VO82161499;https://volvogroupshop.ru/parts/section/345029/part/617828/?case=detail&part_number=VO82161499
RT7420424109;https://volvogroupshop.ru/parts/section/344379/part/614121/?case=detail&part_number=RT7420424109
VO84208821;https://volvogroupshop.ru/parts/section/277474/part/360872/?case=detail&part_number=VO84208821
VO85104276;https://volvogroupshop.ru/parts/section/344895/part/358613/?case=detail&part_number=VO85104276
RT5010468808;https://volvogroupshop.ru/parts/part/669997/?part_number=RT5010468808
VO20399428;https://volvogroupshop.ru/parts/section/341498/part/634207/?case=detail&part_number=VO20399428
VO20835246;https://volvogroupshop.ru/parts/section/346926/part/527525/?case=detail&part_number=VO20835246
VO21515329;https://volvogroupshop.ru/parts/section/314279/part/627174/?case=detail&part_number=VO21515329
VO1629630;https://volvogroupshop.ru/parts/section/345449/part/634669/?case=detail&part_number=VO1629630
VO992026;https://volvogroupshop.ru/parts/section/346422/part/615668/?case=detail&part_number=VO992026
VO9515724;https://volvogroupshop.ru/parts/section/340876/part/354523/?case=detail&part_number=VO9515724
VO88840264;https://volvogroupshop.ru/parts/part/788822/?part_number=VO88840264
RT7421454870;https://volvogroupshop.ru/parts/part/697978/?part_number=RT7421454870
VO82322974;https://volvogroupshop.ru/parts/section/313081/part/366747/?case=detail&part_number=VO82322974
RT7482588692;https://volvogroupshop.ru/parts/part/715592/?part_number=RT7482588692
RT7424425720;https://volvogroupshop.ru/parts/part/707082/?part_number=RT7424425720
VO21761263;https://volvogroupshop.ru/parts/section/346902/part/464108/?case=detail&part_number=VO21761263
VO20409101;https://volvogroupshop.ru/parts/section/171500/part/582420/?case=detail&part_number=VO20409101
VO20758404;https://volvogroupshop.ru/parts/section/323970/part/631743/?case=detail&part_number=VO20758404
VO22431887;https://volvogroupshop.ru/parts/section/180185/part/621326/?case=detail&part_number=VO22431887
VO1521746;https://volvogroupshop.ru/parts/section/327604/part/634931/?case=detail&part_number=VO1521746
VO20946035;https://volvogroupshop.ru/parts/section/349193/part/519715/?case=detail&part_number=VO20946035
VO20882212;https://volvogroupshop.ru/parts/section/349150/part/524082/?case=detail&part_number=VO20882212
VO85008319;https://volvogroupshop.ru/parts/part/783736/?part_number=VO85008319
VO20509932;https://volvogroupshop.ru/parts/section/176414/part/551605/?case=detail&part_number=VO20509932
VO20566329;https://volvogroupshop.ru/parts/section/341412/part/544410/?case=detail&part_number=VO20566329
RT5010270072;https://volvogroupshop.ru/parts/part/665151/?part_number=RT5010270072
RT7482492421;https://volvogroupshop.ru/parts/part/589456/?part_number=RT7482492421
VO21924924;https://volvogroupshop.ru/parts/section/341286/part/624190/?case=detail&part_number=VO21924924
VO8141712;https://volvogroupshop.ru/parts/part/778522/?part_number=VO8141712
VO22431885;https://volvogroupshop.ru/parts/section/321464/part/422268/?case=detail&part_number=VO22431885
RT5001834560;https://volvogroupshop.ru/parts/part/612709/?part_number=RT5001834560
RT5010640264;https://volvogroupshop.ru/parts/part/677356/?part_number=RT5010640264
VO273958;https://volvogroupshop.ru/parts/part/760333/?part_number=VO273958
VO82441451;https://volvogroupshop.ru/parts/section/182964/part/617673/?case=detail&part_number=VO82441451
VO8171927;https://volvogroupshop.ru/parts/section/176276/part/617949/?case=detail&part_number=VO8171927
VO992302;https://volvogroupshop.ru/parts/section/274357/part/350778/?case=detail&part_number=VO992302
RT7421329591;https://volvogroupshop.ru/parts/part/697251/?part_number=RT7421329591
RT5003065115;https://volvogroupshop.ru/parts/part/658489/?part_number=RT5003065115
VO977539;https://volvogroupshop.ru/parts/section/176466/part/352376/?case=detail&part_number=VO977539
VO1062053;https://volvogroupshop.ru/parts/section/345456/part/569427/?case=detail&part_number=VO1062053
RT5010295570;https://volvogroupshop.ru/parts/part/665795/?part_number=RT5010295570
VO20753491;https://volvogroupshop.ru/parts/section/320236/part/631841/?case=detail&part_number=VO20753491
RT7422099634;https://volvogroupshop.ru/parts/part/703031/?part_number=RT7422099634
VO20582958;https://volvogroupshop.ru/parts/section/171803/part/542350/?case=detail&part_number=VO20582958
VO20405790;https://volvogroupshop.ru/parts/section/347786/part/561872/?case=detail&part_number=VO20405790
VO1544733;https://volvogroupshop.ru/parts/section/348259/part/634778/?case=detail&part_number=VO1544733
VO20495742;https://volvogroupshop.ru/parts/section/171482/part/581972/?case=detail&part_number=VO20495742
VO20479374;https://volvogroupshop.ru/parts/part/749853/?part_number=VO20479374
VO20515881;https://volvogroupshop.ru/parts/section/335747/part/633678/?case=detail&part_number=VO20515881
RT7701057952;https://volvogroupshop.ru/parts/part/729177/?part_number=RT7701057952
VO1062054;https://volvogroupshop.ru/parts/section/345456/part/569426/?case=detail&part_number=VO1062054
VO21214022;https://volvogroupshop.ru/parts/part/502718/?part_number=VO21214022
VO20742670;https://volvogroupshop.ru/parts/section/337579/part/535324/?case=detail&part_number=VO20742670
VO11997979;https://volvogroupshop.ru/parts/part/740281/?part_number=VO11997979
RT7403092047;https://volvogroupshop.ru/parts/section/176473/part/591513/?case=detail&part_number=RT7403092047
VO992132;https://volvogroupshop.ru/parts/section/346118/part/350827/?case=detail&part_number=VO992132
VO420903;https://volvogroupshop.ru/parts/part/769817/?part_number=VO420903
VO21107049;https://volvogroupshop.ru/parts/section/299847/part/628751/?case=detail&part_number=VO21107049
VO22159753;https://volvogroupshop.ru/parts/part/757433/?part_number=VO22159753
IVE99355019;
VO20968457;https://volvogroupshop.ru/parts/section/195917/part/517827/?case=detail&part_number=VO20968457
VO21371673;https://volvogroupshop.ru/parts/section/304059/part/627800/?case=detail&part_number=VO21371673
VO1677154;https://volvogroupshop.ru/parts/part/745968/?part_number=VO1677154
RT5001834870;https://volvogroupshop.ru/parts/part/648509/?part_number=RT5001834870
RT5010552232;https://volvogroupshop.ru/parts/part/672898/?part_number=RT5010552232
VO276173;https://volvogroupshop.ru/parts/part/760459/?part_number=VO276173
VO20722715;https://volvogroupshop.ru/parts/section/345028/part/632679/?case=detail&part_number=VO20722715
RT7420900648;https://volvogroupshop.ru/parts/section/185929/part/609694/?case=detail&part_number=RT7420900648
RT7420802350;https://volvogroupshop.ru/parts/section/188546/part/610491/?case=detail&part_number=RT7420802350
VO85000540;https://volvogroupshop.ru/parts/part/781364/?part_number=VO85000540
RT7422194741;https://volvogroupshop.ru/parts/section/334460/part/598462/?case=detail&part_number=RT7422194741
VO21318123;https://volvogroupshop.ru/parts/section/346047/part/496890/?case=detail&part_number=VO21318123
VO20545487;https://volvogroupshop.ru/parts/section/343421/part/633461/?case=detail&part_number=VO20545487
VO85013334;https://volvogroupshop.ru/parts/section/192686/part/359043/?case=detail&part_number=VO85013334
VO20753493;https://volvogroupshop.ru/parts/section/320236/part/631840/?case=detail&part_number=VO20753493
RT5010438149;https://volvogroupshop.ru/parts/part/668972/?part_number=RT5010438149
VO85000190;https://volvogroupshop.ru/parts/part/781201/?part_number=VO85000190
VO22490430;https://volvogroupshop.ru/parts/part/620990/?part_number=VO22490430
VO3978050;https://volvogroupshop.ru/parts/part/768922/?part_number=VO3978050
RT7485013264;https://volvogroupshop.ru/parts/part/716292/?part_number=RT7485013264
RT7421644602;https://volvogroupshop.ru/parts/part/699538/?part_number=RT7421644602
RT5000791108;https://volvogroupshop.ru/parts/part/644419/?part_number=RT5000791108
VO20467370;https://volvogroupshop.ru/parts/section/349221/part/556549/?case=detail&part_number=VO20467370
VO82447735;https://volvogroupshop.ru/parts/section/285208/part/365653/?case=detail&part_number=VO82447735
RT7421303956;https://volvogroupshop.ru/parts/section/345955/part/606983/?case=detail&part_number=RT7421303956
VO21617479;https://volvogroupshop.ru/parts/section/326682/part/626470/?case=detail&part_number=VO21617479
VO20583505;https://volvogroupshop.ru/parts/section/347055/part/542278/?case=detail&part_number=VO20583505
VO3150319;https://volvogroupshop.ru/parts/section/348319/part/618436/?case=detail&part_number=VO3150319
VO85109884;https://volvogroupshop.ru/parts/section/176369/part/617235/?case=detail&part_number=VO85109884
VO20706975;https://volvogroupshop.ru/parts/section/176371/part/540097/?case=detail&part_number=VO20706975
VO3155115;https://volvogroupshop.ru/parts/section/176414/part/380584/?case=detail&part_number=VO3155115
VO22077099;https://volvogroupshop.ru/parts/part/757296/?part_number=VO22077099
VO20593734;https://volvogroupshop.ru/parts/section/182773/part/632940/?case=detail&part_number=VO20593734
VO21090272;https://volvogroupshop.ru/parts/section/348309/part/628852/?case=detail&part_number=VO21090272
VO25378415;https://volvogroupshop.ru/parts/section/343868/part/619361/?case=detail&part_number=VO25378415
VO20779655;https://volvogroupshop.ru/parts/section/339449/part/531477/?case=detail&part_number=VO20779655
VO22246421;https://volvogroupshop.ru/parts/section/232255/part/622166/?case=detail&part_number=VO22246421
RT5010550819;https://volvogroupshop.ru/parts/part/672799/?part_number=RT5010550819
VO21336484;https://volvogroupshop.ru/parts/section/320465/part/495887/?case=detail&part_number=VO21336484
RT5000293356;https://volvogroupshop.ru/parts/part/639501/?part_number=RT5000293356
VO21450362;https://volvogroupshop.ru/parts/section/345675/part/627479/?case=detail&part_number=VO21450362
RT5003002067;https://volvogroupshop.ru/parts/section/349164/part/585649/?case=detail&part_number=RT5003002067
RT5001852974;https://volvogroupshop.ru/parts/part/650876/?part_number=RT5001852974
VO1697092;https://volvogroupshop.ru/parts/part/564799/?part_number=VO1697092
VO82367115;https://volvogroupshop.ru/parts/section/306873/part/366394/?case=detail&part_number=VO82367115
RT7420382890;https://volvogroupshop.ru/parts/part/689360/?part_number=RT7420382890
VO20795655;https://volvogroupshop.ru/parts/section/340474/part/530258/?case=detail&part_number=VO20795655
VO949721;https://volvogroupshop.ru/parts/section/348032/part/616658/?case=detail&part_number=VO949721
VO21626539;https://volvogroupshop.ru/parts/section/325803/part/474461/?case=detail&part_number=VO21626539
RT7420774861;https://volvogroupshop.ru/parts/part/690101/?part_number=RT7420774861
VO3963046;https://volvogroupshop.ru/parts/section/176466/part/618300/?case=detail&part_number=VO3963046
VO20554213;https://volvogroupshop.ru/parts/section/344755/part/633408/?case=detail&part_number=VO20554213
VO20567637;https://volvogroupshop.ru/parts/section/344895/part/544237/?case=detail&part_number=VO20567637
VO85013425;https://volvogroupshop.ru/parts/part/784076/?part_number=VO85013425
VO85131960;https://volvogroupshop.ru/parts/section/320313/part/356307/?case=detail&part_number=VO85131960
RT7485020137;https://volvogroupshop.ru/parts/?case=detail&part_number=RT7485020137
RT7421316560;https://volvogroupshop.ru/parts/section/187406/part/605634/?case=detail&part_number=RT7421316560
RT7420430583;https://volvogroupshop.ru/parts/part/689433/?part_number=RT7420430583
VO991968;https://volvogroupshop.ru/parts/section/828964/part/615688/?case=detail&part_number=VO991968
VO992016;https://volvogroupshop.ru/parts/section/346345/part/615675/?case=detail&part_number=VO992016
VO20551483;https://volvogroupshop.ru/parts/section/349261/part/633443/?case=detail&part_number=VO20551483
RT5001865780;https://volvogroupshop.ru/parts/part/653821/?part_number=RT5001865780
RT7420933629;https://volvogroupshop.ru/parts/part/608751/?part_number=RT7420933629
RT5001875436;https://volvogroupshop.ru/parts/part/657536/?part_number=RT5001875436
RT7420729259;https://volvogroupshop.ru/parts/section/336399/part/611655/?case=detail&part_number=RT7420729259
RT7420978354;https://volvogroupshop.ru/parts/part/693335/?part_number=RT7420978354
VO20701801;https://volvogroupshop.ru/parts/section/339930/part/540419/?case=detail&part_number=VO20701801
VO20845995;https://volvogroupshop.ru/parts/section/348826/part/630930/?case=detail&part_number=VO20845995
VO20443348;https://volvogroupshop.ru/parts/section/345001/part/634101/?case=detail&part_number=VO20443348
VO20531103;https://volvogroupshop.ru/parts/section/176376/part/633580/?case=detail&part_number=VO20531103
VO20828464;https://volvogroupshop.ru/parts/section/243561/part/527962/?case=detail&part_number=VO20828464
RT7401078356;https://volvogroupshop.ru/parts/section/344379/part/614602/?case=detail&part_number=RT7401078356
RT7482492416;https://volvogroupshop.ru/parts/?case=detail&part_number=RT7482492416
VO3198141;https://volvogroupshop.ru/parts/section/175954/part/379044/?case=detail&part_number=VO3198141
VO20550719;https://volvogroupshop.ru/parts/section/344391/part/546522/?case=detail&part_number=VO20550719
VO20534446;https://volvogroupshop.ru/parts/section/348592/part/548391/?case=detail&part_number=VO20534446
RT5010460575;https://volvogroupshop.ru/parts/part/669648/?part_number=RT5010460575
RT5010439059;https://volvogroupshop.ru/parts/part/669035/?part_number=RT5010439059
VO85124437;https://volvogroupshop.ru/parts/section/333252/part/356703/?case=detail&part_number=VO85124437
VO20430382;https://volvogroupshop.ru/parts/section/219156/part/560465/?case=detail&part_number=VO20430382
VO21746575;https://volvogroupshop.ru/parts/part/465370/?part_number=VO21746575
VO21298915;https://volvogroupshop.ru/parts/section/335682/part/628118/?case=detail&part_number=VO21298915
RT5010480956;https://volvogroupshop.ru/parts/part/613652/?part_number=RT5010480956
RT7420903887;https://volvogroupshop.ru/parts/part/692136/?part_number=RT7420903887
VO84178598;https://volvogroupshop.ru/parts/section/267898/part/361140/?case=detail&part_number=VO84178598
VO82382175;https://volvogroupshop.ru/parts/section/299642/part/617706/?case=detail&part_number=VO82382175
VO21390528;https://volvogroupshop.ru/parts/section/340480/part/492497/?case=detail&part_number=VO21390528
